customer_tweet_id,customer_id,customer_text,response_tweet_id,brand_response
2928376,810140,Ok I understand I will send it in message.,2928378,I understand your concern about the refund. Please reach us from the link provided. We'll check your details and help you further accordingly. ^SV
327567,194089,Then public must get aware that how harasses people.....,327569,I can imagine the disappointment. Please contact our support team using the link shared earlier and we'll be glad to help you. ^AS
33285,123356,Hallo Kann es sein das eure Seite derzeit nicht abrufbar ist?,33283,Uns ist kein Problem bekannt. Auf welchem Gerät versuchst du es denn? Neustart schon einmal probiert? ^DW
352609,199842,waiting from first day of #greatindiansale.. but not upset because Amazon is best..,352611,Thank you for your understanding. Hope you take advantage of other deals. ^VN
422955,215576,I have providedall detail to your customer care exucative. At least 20 times do check them with email I'd __email__.,422957,Please don’t provide your details as we consider them to be personal information. Our Twitter page is public. ^SA 3/3
1919843,576784,Direto do Brazil (Impostos) ou importado?,1939002,"Oi, vai depender do vendedor externo do produto que você gostaria de comprar, Dan. ^LG"
1798376,540366,"has ruined my day, ruined my gift, and ruined my mood, because Amazon doesn't know how to count days for shipping, just your cash.",1798375,I'm sorry for the trouble with your order! Did we miss the initial delivery date provided here: [LINK] ^ST
1021626,121296,I have had some payments to Amazon taken from my bank account but I don’t know what they are for? Can you help?,1021624,"Without providing account specifics, can you please tell us the amount and the title of the item on your bank statement? ^ST"
2302059,668070,"Um die Zeit sitzt bei euch noch jemand, um Tweets stante pede zu beantworten? Nicht schlecht. Ich hoffe, freiwillig und ordentlich bezahlt 🧐",2304135,Wir machen das täglich und gerne zwischen 6.00 Uhr 24.00 Uhr :) ^BL
2935854,811660,Best notification I got all week so far has been from telling me my books are arriving tomorrow. I know what I'm doing this weekend.,2935853,So happy for you Julio :) Hope you'll enjoy your new books.^MA
2465579,705575,My account Yasser. __email__,2465582,"Kindly reach out to our support team here: [LINK] and we'll assist you accordingly. Also, don't provide your order details, as we consider it to be personal information. Our Twitter page is visible to the public. ^AU"
2902586,803934,What a great surprise longing into my bank account and finding an unknown charge of $50 from amazon prime 🙃👌🏼,2902585,"Oh no! I'm sorry that charge surprised you, Sharon. If you'd like to cancel you may follow the steps here: [LINK] ^VF"
863826,325141,Hey are you using drones already or did you just hire paperboys to deliver your packages? [LINK],863825,I'm sorry for the frustration! Can you please let us know who the carrier was? Found here: [LINK] ^AC
1041704,693573,"Cuales son las ofertas? Solo más anuncios y nada de productos, así como que no sabe uno nada!",2412601,"Alfre, las ofertas del Buen Fin están cerca. Todas las novedades serán anunciadas en el Sitio Web, puedes mantenerte al tanto :) ^VL"
2877787,308340,Shared details for the 3rd time. I hope you get this time. Attached snapshot for your reference [LINK],2877788,Thanks for the heads up. We will check and get back to you with an update. ^AH
2386354,271571,"No chance, Hermes are an absolute waste of space their customer service takes no responsibility for their drivers or deliveries [LINK]",2386353,Please reach out to us directly and we will do our best to look into this for you. [LINK] ^CR
2672283,752407,Again another order refused by on-ground delivery agent and he's switched off his phone. Order ID 402-2800731-4148319.,2672284,"Have you reported this to our support team? If no, contact us here: [LINK] so we can assist you. 1/2 ^PJ"
2281368,663154,had to put this on my front door cos your drivers are ignorant [LINK],2281367,I'm sorry you had to put up a sign. We'd like to look into these deliveries with you. Please contact us here: [LINK] ^AF
1100629,379677,You ship perishables Internationally right? It's just chocolate but I'm worried it's gonna melt 3000 miles away. Please reply if you can,1100628,Hello! Please check here for items that are eligible for International Shipping. Happy Shopping! ^LM
2386401,398508,"Something super annoying happened last night involving , $300, and a blatant lie. It’ll be a cold day in hell b4 I order there again.",2386399,Sorry to hear it- Without providing personal info can you explain further what happened? Has this since been resolved? ^NV
419059,214950,"Why do I pay for Prime when nothing gets delivered in 2 days anymore...even when it says ""guaranteed"" ... #InternetWalmart",419058,I'm sorry for any inconvenience! We'd like to help if we can. Is this in regard to a current order: [LINK] ^GM
1356298,436243,pq minha conta foi bloqueada??????/???/?,1356296,"Olá Cris,sinto muito pelo inconveniente. Você recebeu algum email com instruções para desbloquear a conta? ^MB"
2817815,785460,それにしてもamazon〜☺️感動！ 沖縄だからか、品揃えが悪くて探し回るものとかあるから😂 他にも欲しかったものも買えて満足◎,2817814,(*´-`).｡oO（感動していただけるなんて嬉しいです♪ またいつでもご利用くださいませ～！）TN
1014270,359998,"apparently several residents in this apartment complex received ""delivered"" notification yesterday. But no packages",1014271,"Oh no! If you didn't receive your package, can you please tell us who the carrier was? Found here: [LINK] ^AC"
240147,173036,"Please define the earliest? Give me a final deadline, I have been getting many.",240148,I understand the urgency. Our team is actively working on this. We'll get back to you shortly. Appreciate your patience. ^ST
2501917,713652,"Can you update the #Kindle app to organize books on multiple visible bookshelves, almost like folders for apps? I'd like to organize the books in my digital library better",2501915,"Our Kindle team would love to hear your feedback! To let them know what you'd like to see, please e-mail them directly at __email__ ^MB"
2067271,611311,me ajuda pelo amor de DEUS,2067270,"Olá Querildo, como podemos te ajudar hoje? ^VL"
603196,263286,You have missed the delivery date for my last 3 packages. I have one now saying delivering today but it hasn’t even shipped.,603194,"Apologies both for missing the mark and letting you down. We always want the best experience for our customers. Please keep us posted on delivery! If anything changes with your order, you can review communications here: [LINK] ^FD"
91352,135810,"Enfin, c’est ps trop tôt ! Parcontre je fait comment je vais devoir encore attendre une semaine de votre faute alors quel devais arriver demain?? [LINK]",91353,"Comme expliqué précédemment, ma collègue prendra contact avec vous après avoir étudié votre dossier."
247470,158281,custumers care service daily says wait for one day more . for how much day i have to wait?,247472,Sorry about the stretch. Please share your details here: [LINK] We'll help you further. ^BS
701425,199122,is only ecommercesite which in india which not returnng mony from to customr bank a/c Very unsafe wallet to keep money,701424,We have responded to this query here: [LINK] Kindly check. ^RI
320851,192442,Your kidding! So thursday Friday not business days? I must get job w y’all if Monday Tuesday Wednesday ur only business days! #3dayworkweek,320852,Some items may be unavailable to ship immediately. We aim to meet the date given to you in your confirmation e-mail. ^KP
1552998,480500,"Just in case I'm not being clear, I just want to know where my stuff is. This week is bad enough without having stuff not show up.",1552996,I can understand your concern. Have we missed the delivery date shown in the confirmation e-mail: [LINK] ^CL
609418,264867,Thanks. First time error. Apologies,609420,"We'd like to help, could you please confirm if your issue is been addressed? If not, kindly fill in your details here: [LINK] We'll look into this for you. ^RB"
1085465,376052,"Not providing me the option, is it because they’re still preparing the order?",1085467,"That's correct. If there is an issue with the address, you can contact us for other options: [LINK] ^KB"
122788,143396,eu te amo!,122787,Oi Leticiaaaa! Nós também te amamos! 😍 ^JJ
2840112,148053,That the items are going to be resent to be delivered tomorrow but I can't wait in all day tomorrow so no doubt I won't get my items either. I'm a Prime member and these were ordered Friday. Where's the next day delivery service gone?,2840114,"I'm so sorry for the frustrating experience, Carrie! We want to make sure you receive your order. Please keep us posted and let us know the resent parcel isn't received tomorrow by 21:00. ^MJ"
2263211,658862,こんにちは。質問なのですが、同居している父がAmazonMasterCardゴールドのプライム会員なので、家族会員にしてもらおうとした所、 Amazonプライムの管理情報をいくら探しても招待状を送る欄がありません。 どこを探したら見つかりますか？,2263212,お客様の操作環境ですが、アプリやモバイルサイトにて操作されておりますか？ アプリやモバイルサイトの場合には、機能が制限されているため表示されない可能性がございます。そのため、恐れ入りますが、PCサイトにて今一度ご確認いただければと存じます。TY
15678,119448,"Dear #Amazon #GlobalStore. 50 days, No delivery, No response. [LINK]",15679,Sorry to know the shipment hasn't been delivered yet. Please reply to the email received from us and we shall 1/2 ^SH
2722602,149078,can i get some help with my amazon account please,2722600,"Hi Casey, We'd be happy to help. Without sharing any personal/account info please let us know what the problem is? ^KK"
2482387,709244,sync across devices doesn’t work.,2482385,Thank you for reaching out. We'd like to help. What devices are you trying to sync across? Are you getting an error? ^KB
2279407,667902,Scorpion,2301332,"Olá Adriano, acho genial Scorpion! 😍^DA"
515240,238677,Thanks for the silent treatment. Amazon is a waste of money. Shop in stores !!!!,515241,"Apologies for not replying to you Jennifer, were you advised why the parcel hasn't shipped yet?^MA"
425144,150894,£179 amazon. Is it can you just give me a number to call please!,425143,We will be happy to look into this. Use this link: [LINK] then choose any issue and a customer service number will be provided ^CH
1461587,162533,keep ur focus just to reaolve the issue &amp; u hv all the details of my acc &amp; order.Why u need another form fill Govt bank h kya?,1461590,"I'm sorry for the experience, Pradeep. This being a public platform, we wouldn't be able to check your details here. (1/2)^SV"
861217,190745,Oneplus 5T Not good Mobile phone Nahi Lena mobile phone oneplus 5T Call me 9723269852,861219,"Please don't provide your mobile number, we consider it to be personal information. Our page is visible to the public. (2/2) ^SY"
437341,218628,Still no one has got in touch about the complaint. Please let me know what happens guys. I was to receive the phone on Monday?,437343,We've sent an email correspondence to your registered account. Please refer the same. ^HK
1357196,436426,"Hallo wir müssen reden, NUR 6 Folgen ? Bitte sagt mir das es morgen 6 neue gibt, ich bin schwer süchtig 😱",1357197,"Hi, da sind wir wieder. Du musst jetzt ganz stark sein, Staffel 1 bleibt bei 6 Folgen. 😰 Ich hoffe, du nimmst es gut auf. ^SI"
2417627,694746,Now I have only way to fight for justice against you in court.,2417629,We're sorry you feel that way. Could you kindly elaborate on the issue so that we assist you better? ^PB
1478818,463404,#Amazon champion du monde du colis non livré et c'est au client de payer les frais de transports . le transport c pas votre metier [LINK],1478816,"Bonjour, je suis désolé pour cela. Est-ce que votre dossier a été pris en charge par un de nos agents pour faire un suivi ? ^ARC"
1260598,193850,"Dialed again .. RNR... I already connected with Dhiraj from Leadership team, He is useless.",1260599,Please share your details from the link provided by 'SH' and we will assist accordingly. ^HR
1341635,432929,Any particular reason why you continue to use ONTRAC? Happens every time. Completely unreliable and useless. Yet you keep using. [LINK],1341634,"Sorry for the delay, Daniel! We don't expect this! You can leave direct carrier feedback here: [LINK] ^AB"
1453778,457377,"hi, amazon wont accept my zip code when i try to enter it? im australian",1453777,"I'm sorry for the trouble! To clarify, what website are you ordering from? For example, com, .co.uk, etc. ^KN"
122725,143382,"I am looking for answers for non delivery of my product and also pathetic customer relationship attitude of Amazon inspire of shopping so much.I had booked item on 10 Nov it was to be delivered on 17th but till date no delivery,have spnk to Amazon assistance,most sweet spkg guys",122723,I'm sorry that you haven't received the product yet. Kindly share your details here: [LINK] and we'll look into the issue for you. ^GD
204914,164537,"Yes. Tracking stops yesterday, package due today. Guaranteed delivery date.",204912,"Typically, late orders arrive the next business day. If yours doesn't give us a call: [LINK] ^EP"
1366303,438059,Siiii!!!! 🤗🤗🤗,1366305,"¡Maravilloso, que lo disfrutes!❤️☕️ ^JD"
365241,202516,Waited for more than 15 days .. can't wait any further.. need a final solution today . That's all,365242,We've sent a correspondence to your registered email ID here: [LINK] Kindly check. ^PS
1054102,290388,heck i didnt even change a preorder and it still isnt making release day delivery. Explain that,1054106,"Just to clarify, did you select release-date delivery at checkout? Let us know! ^KJ"
793939,309302,Sir Wish you a #HappyDiwali surprised to see no #Diwali deals on Amazon today and tomorrow??,793941,we had pre-Diwali sales all these days so that we could deliver em! by Diwali to our customers. (1/2) ^VM
21534,120700,my one rufund is pending since last two months order id is - # 404-1737173-1054737.every time I've been asked to wait .,21533,"Please don't provide your order details, we consider it to be personal information. Our page is visible to the public. (2/2) ^RI"
1211920,404458,「明日色ワールドエンド」という明後日発売のアルバムなんですがまだ、準備が出来ていないのでしょうか…？ 他のサイトからは既に発送準備もされています… 明後日ってかなり発売日と近いと思うんですが…,1211922,お支払い番号は、お客様の在庫が確保された時点で発行となります。誠に恐れ入りますが、ご案内している「お届け予定日」を目安に発行をお待ちくださいませ。TN
436251,218622,Das Problem ist ich komme da nicht hin... Und den ihr online kack zum neu zustellen ect klappt alles irgendwie nicht,436253,Wieso kommst du über den Link nicht zu unserem Kundenservice? ^MS
431134,217515,"Placed a pantry order on9th wth guarantee delivery! 2 shipments recvd , 3rd isn't delivered tracking no 937111651640",431132,"That's strange, Muzzammil. Please report this to our support team here: [LINK] and we will assist you. ^NK"
797528,310141,Okz so amazon deliver after 8:30 pm (night) as well 9:55pm now let’s see,797529,Apologies. We'd like to check this for you. Please drop in the details here : [LINK] ^RI
721262,292653,En el pedido pone vendido por Fair&amp;Pure.,721264,2/2 Soporte al Cliente entrará en contacto contigo por teléfono. ^DA
425439,216204,What the fuck you guys are doing why the delivery date showing me like this [LINK],425440,here: [LINK] Kindly check and revert. (2/2) ^ST
865700,322303,I was just given 3.6% casback instead of 15%,865702,Sorry for the hassle. Please report this to our support team here: [LINK] and we'll check this. ^HN
898183,333293,13時ごろに再送されまして、無事に商品が届きました。お騒がせしてすみませんでした。,898185,無事に商品が届いた旨をお知らせいただきまして、ありがとうございます。この度はご不便をおかけし、申し訳ございませんでした。ET
1166778,394448,Why is my amazon stick not loading the home screen 🙄,1166777,I'm sorry for the issue with your device. Have you tried the steps listed here: [LINK] ^JA
28915,122366,This is ur method of fraud.they said me to provide telephone bill..electricity bill.but i didnt have none of these,28917,"I get you being upset, Pardeep. However, please know that the account specailst team is the best to handle this. 1/2^MS"
1661937,506848,Got any details of the delivery?,1661940,We're working on it Jairam. We'll get back to you with an update soon. ^NR
2547027,723870,Taylor Swift Reputation ***MP3***album. This is the response I got. *laughs* [LINK],2547026,"Hi Shana, is there anything we can help you with today? ^PJ"
2410480,693042,Order#4__credit_card__ is not getting delivered even after reaching the nearby location. Courier partner have major glitch displaying the status of delivery as mentioned by their representative kindly follow up. #AmazonInHelp [LINK],2410479,"Orders are delivered according to their estimated delivery date. Could you please let us know if we've missed it? Also, Please don't provide your details, as we consider it to be personal information. Our Twitter page is visible to the public. ^AM"
197586,162488,But i cannot login in my account it says that my account is blocked/locked,197588,to your registered email account for further assistance. Appreciate your understanding. 2/2 ^MJ
581160,256944,.com i just wanna buy some ds games PLEAAAASEEE,581159,"Hi there! I'm sorry that you've had some issues logging in. If you aren't able to login, even after changing your password, please reach out to us via phone or chat for further assistance: [LINK] ^SP"
1200956,402192,Surprised you don't value your customers. Not even got in touch. I'm going to pursue this on social media big time now.,1200955,You should've received and email correspondence from us here: [LINK] please refer. ^AG
136826,142554,"Howdy! I have a TV with Amazon video app. Quality frequently drops when watching, but this doesn't happen with any other streaming service app on it. Any ideas on how to resolve? Not a bandwidth issue on this side, Amazon Video works well on PS3.",136825,I'm sorry for the trouble. Have you tried to delete the app and reinstall it? ^CO
2613164,475249,"Si, tengo uno de una cosa que pedimos para un familiar, ponga fecha de entrega garantizada para hoy y ahora entro y veo que llegara entre hoy y el dia 20",2613161,Comprendo. ¿Ya has contactado con el transportista para verificar la fecha de entrega o si está en reparto? ^DB
1894059,564622,Amazonから！！！！ 荷物が！！！！ 届かないの！！！！！！！,1894058,Amazonが発送する商品の場合は、こちらのリンクよりカスタマーサービスにお問い合わせください。[LINK] 出品者が発送する商品の場合は、出品者にお問い合わせください。[LINK] TN
1124988,385270,"Gosto muito do Thor, mais meu super-herói favorito é o Constantine. (Aliás estou carente de um filme ou uma série). E falando do filme da Liga, Meu Deus aquilo esta incrível.",1124989,Sem dúvida! Eu acho que vai ter outra Liga da Justiça no ano que vem! Eu adicionaria outros super-heróis! Ficaria magnífico. Você concorda comigo? ^JJ [LINK]
2262996,658814,can I buy a gift card or voucher that can be used from another European country?,2262995,"Thanks for reaching out, Anca! We're here to help. Could you let us know which marketplace (Amazon.de, Amazon.fr, etc) you plan to use the gift card on? Thank you! ^FD"
218983,168214,"Ok my package was supposed to arrive today at 8pm it’s almost 10 and still nothing, what can I do?",218981,I'm sorry for the delay. Orders like this typically arrive by next business day. Let us know if it doesn't show up by tomorrow. ^CL
2266911,659796,Yes I have received the details. If not then lease get my contact number for OK m ur data base and call me...,2266912,"If you've shared the details in the secured link provided above, we'll get back to you soon. ^SU"
343741,516553,No momento estou estudando q não tá fácil pra ninguém.😪 [LINK],1704081,"Olá! Vamos continuar nos esforçando, boa sorte nos seus estudos! :D ^CR"
2903525,167460,It won’t. I got a text message stating it would be delayed.,2903527,I'm sorry for the frustration! Did the notification provide a new delivery estimate? You can also check here: [LINK] ^TN
2462156,704885,"It did update and now shows it’s still out for delivery today (15th). I included photos so you can see the messages from Sunday, Monday, Tuesday, and now. [LINK]",2462157,Sorry to hear that. Get in touch here: [LINK] and we'll be happy to help. ^RS
2871507,797312,it’s supposed to arrive by 8 but it’s over an hour away from where I live,2871509,Please let us know if your order doesn't make it to you by 8 pm. ^FJ
91475,135827,"i ordered it monday, got 2 day shipping and was supposed to get it wednesday, the expected delivery time was friday (today) and now its december 5th LOL",91477,I'm so sorry for any trouble! Please do keep us up to date on the status of the package! ^BL
2139188,629140,"Bonjour , ma commande n'est toujours pas arrivée et le suivi de colis ne se mets pas à jour depuis 1 semaine, un souci?",2139187,"Bonjour, je suis navrée pour cela, quel est le transporteur qui a pris en charge la livraison ? ^ASZ"
2290149,460458,"ur deliver agents r cheats &amp; liars and Call centre unhelpful chatbots . Shame on u , order no 404-4113388-7361957 still undelivered .",2290148,"I’m sorry about the delay in delivery. I’d like to assist you, please fill this form: [LINK] and I’ll contact you at the earliest ^RW"
439271,219324,"requested a cancltion but have received d pakg as it was left with my neighbr, plz disregard the req. Order #402-5744154-3212325",439270,I’d like to understand this better. Please fill this form: [LINK] and I’ll contact you at the earliest ^RW
1871750,558957,アマゾンって買ってから何日までに支払いすればセーフ？もう3日経ってるけど大丈夫かな,1871749,コンビニ・ATM・ネットバンキング・電子マネー払いのお支払い期限は、お支払い番号の発行日を含めて6日です。お支払い番号をお知らせしたＥメールや注文履歴にも期限が記載してありますので、ご確認ください。 RI
2678064,753643,"Hi, I only started the trial yesterday and I have already cancelled, but my bank shows Amazon Prime as a pending authorization transaction for £79.99. Will this be held until my trial is over or can I get that money back?",2678066,"Hey, Scott! We'd like to look into this for you to see if a refund is being processed. Do you mind using the following link to get in touch with us? [LINK] ^DY"
2105733,621520,Misleading customers.. Statement says customers who load money 1st time in the offer period. Now they are denying. (M) 9996491644 [LINK],2105732,We'd like to understand this better. Write to us here: [LINK] and we'll get in touch with you soon. ^MO
450791,221881,Is this the way you treat the customers will never buy from Amazon y u don't provide sellers contact details they have taken the money n didn't deliver the order as well,450790,"I’m extremely sorry about this experience, Minakshi. I'd like to take a closer look into this. Please share your details here: [LINK] and I'll get in touch with you. ^MK"
246992,174675,Cuando llegará la actualización para que poder ver a través del Chromecast?,246991,"Donnovan, en el momento no contamos con esta información, puedes estar pendiente de nuestra página web para más novedades. ^DA"
2668755,148243,That I should wait for my orders basically. I got a refund back for 2 of the orders (a different order) but never really got a proper answer for the ones that are still outstanding,2668757,Hi Mieke. Can you contact us directly for an update on this via the below link: [LINK] Thank you. ^NV
1493286,466768,wondering where my cod is checked the tracking but still isn’t showing as out for delivery ????,1493284,"Hi, sorry to hear that. What's the estimated delivery date on your order: [LINK] ^JJ"
686720,191216,For each order needs escalation to deliver order on time. This is just Pathetic. Really thinking to give um Prime and switch to counter part😡,686722,"We've responded to your DM, please check. ^KA"
827923,317227,reason my 2 day shipping with prime has become “3-5” on the norm? Is it normal practice for reps to ask if I can buy locally?,827924,"(2/2) days in transit once shipped, &amp; doesn't include processing time. Further explained here: [LINK] ^MV"
850129,321988,Had issue with return process of my order Track id: 69957456660 it has been scheduled from 10 to 12 to 13 by ur customer support,850130,"Apologies, Ayush. Request you to share the related details here: [LINK] and we'll look into it. [1/2]^SK"
549433,247938,I shared so many screenshots. Surely you can open and see the DSR for seller 264 yourself?,549434,"We would like to check with orders you have faced problem with, write to us here: [LINK] &amp; we'll connect with you to make things right. ^MJ"
2466084,705687,just spoke to u guys about a wireless harper catching fire I was told the product was removed from sale but its still showing,2466082,"Our team would definitely like to check on this. Could you link us to the product in question, or tell us its name? ^LB"
1609996,494258,"Segnalato più volte, mi hanno detto che mi faranno sapere ma da venerdì sera ancora nulla.",1609997,La tracciabilità del pacco è aggiornata? Hai verificato se la consegna risulta prevista per lunedì? ^MZ
570132,253824,I'd just like to take a second to thank every single worker and worker working so hard this holiday season. Thank you for delivering joy to our homes and families.,570130,Thank you! We appreciate you and we're happy we can help this holiday season!❤️ ^AG
868674,326260,"Die Punkte wurden für das Produkt verwendet, um den Preis davon zu senken. Bei Aktualisierung der Zahldaten war der Rabatt weg.",868675,"Der Kundenservice sieht sich das gern mal an: [LINK] Wenn das nicht hilft, melde dich bei der Landesbank. ^BL"
376605,205334,"Fue hoy por la tarde, pero ayer lo intente con otra cuenta y otra tarjeta pero pasó lo mismo. Solo que ayer no recibí ningún correo.",376606,Te recomendamos esperar a que el tiempo estimado de revisión haya transcurrido. Mantennos al tanto. ^JQ
2280463,662925,Yes i have now reset my password will keep an eye on it and make sure no more prime membership emails are sent,2280464,Thank you for letting us know! Please keep us updated if you need any more assistance. ^LR
50767,127389,#TurtlesAllTheWayDown Et je ne pense pas être la seule...? Has this happened to someone else? [LINK],50765,"Bonsoir, je suis désolée pour cela. Avez-vous passé votre commande sur Amazon.fr ? ^SB"
1122802,384809,"Where is my parcel (Tracking ID: AW236399086IN). Delivery date passed, can't track after 19OCT. Poor service.",1122803,Sorry about the delay in updating the tracking info. Kindly get in touch with us here: [LINK] and we’ll be 1/2
50789,127397,I have called and emailed....no response in 4 days! #AmazonEcho dot is a Rs 3000 paperweight for me right now! Please help!,50791,"Apologies for the experience, Avinash. Please share your details here: [LINK] I'll reach &amp; assist. ^SV"
2283983,618312,When you pay for Prime but things still get delayed. Harumph. Not like it was a medical order... Oh wait.,2283981,I'm sorry for the poor experience! Do you have a current order that is late/delayed that we can help you with? ^ZW
884876,329902,It’s delayed,884878,Which carrier is assigned for delivery? Does the tracking information on their website give any insight to the delay? ^MV
120235,142691,ありがとうございます！！,120237,どうぞお楽しみください🎶 EK
2672315,444190,despite telling several times that he cud I have recd the item when our house was locked keeps insisting that the dlvry was done,2672313,Please fill in your details using the link: [LINK] and I'll get in touch with you soon. ^AK (2/2)
1261137,415442,"Hi, my order was supposed to arrive the 24 but it hasn't, and it keep saying it will arrive the 24. What can I do?",1261135,"Hello Juan, for better assistance, can you please let us know which site you order from [LINK] etc.? ^LM"
2435001,267768,"es lag ein Zettel drinnen, dass die Sendung bei einem Nachbarn lag. Alles gut, aber danke der Nachfrage 😃",2435000,Super! Danke für das Update und noch einen schönen Sonntag. ^MI
1447174,455808,My order did not turn up and told delivery failed,1447172,I'm very sorry for this experience. Was this order shipped and sold by Amazon or a Marketplace seller? ^DO
1596982,490601,んなことはどうでもいい！！はやくOne More Timeおくってえええええええええええええええええええええ,1596981,Amazonが発送する商品の場合は、こちらのリンクよりカスタマーサービスにお問い合わせください。[LINK] 出品者が発送する商品の場合は、出品者にお問い合わせください。[LINK] TN
2857276,794122,It's should be deliver by the end of the day,2857277,Sorry about this experience. Please report this to our support team here: [LINK] and we'll look into this. ^MK
926694,199062,"Contacted. Seems to be a bug in latest app version. Not showing subtitles in downloaded ones, but shows in the streaming ones for same video",926696,Could you please confirm the device that you're using to access prime video. ^MP
2424513,144978,winner name please. Or just another fame quiz [LINK],2424512,The winners would be declared soon. Kindly stay tuned for all the updates or visit amazon.in. ^KK
1160658,393066,"Hola, ¿es normal que me venga un pedido de Hong Kong, y venga con remitente de Madrid, en vez del de HK?",1160656,"Hola, nos comentarías, ¿tu pedido presenta algún problema? ^HC"
74592,132443,"Many thanks for the generic automated correspondence. After paying more than Rs.14,000 and receiving a box of trash, I would have expected bit more support that just asking me to wait longer.",74609,I do understand the response you received is not up to your expectation. Kindly request you to respond to the correspondence you have received. We'll assist you further. ^JS
2366357,683100,Got my Echo Dot. Its amazing. My kid is so happy about its capabilities in educative and research.,2366356,I'm glad to hear that your kid liked the product. :) ^MK
1829398,548979,The last two orders from Amazon have been late. Do they need more driver?,1829397,I'm sorry to hear about these delays. Has the tracking updated and is the carrier the same: [LINK] ^RR
1108319,381566,"USPS, help me",1108321,I'm sorry for troubles with the delivery! Have you tried these tips listed to look for your package: [LINK] ^TG
879276,158410,please check they told me last 8th returng mony nt get yet and after that what they are cometting to resolve but not rtrng mny bk [LINK],879274,Apologies for the ordeal Jay. Please share your details here: [LINK] and I'll get back to you. ^HN
616962,169191,"Today got the delivery of the book, but just see how the packaging was!! #BadCustomerService what do you think about the customers, beggar?? [LINK]",616963,"I'm sorry for the packaging. You can provide packaging feedback here: [LINK] If the book has also been damaged, please return it using this link: [LINK] ^SH"
1234702,193267,finde nicht gar nicht toll das Ihr meine #Email an #Dritte weiterleitet ohne das man einwilligt &amp; keine Entschuldigung,1234700,Wir nehmen die Sicherheit und die Privatsphäre unserer Kunden sehr ernst. Was genau ist denn passiert? Gruß ^SI
409325,152461,"I've checked, I've got it, but like I ssid it's not about the money, it was about the experience.",409326,I understand. I'm sorry you've had this poor experience. You can provide feedback by completing the survey you received. ^AL
867353,325951,"This was my first step. I'm just tired of it. I'd like the option to choose carriers. I'm sure this isn't UPS nationally, but here it's bad.",867355,"We'd love to document your feedback. When you have a moment, reach us via phone or chat here: [LINK] ^JS"
200015,163186,J'ai recu un message comme quoi le numéro de carte n'était pas valide mais je l'ai remit et c'est bon et je le reçoit samedi merci pour votr,200014,Merci à vous :) . ^BR
2701985,758972,"I took yet another day off work and again I've no mattress again for my child. I have had to borrow one from a neighbour and amazon telling me again that it'll be here tomrrow, again, ""guaranteed"". All while customer services answer was to just keep rearranging and offer £5 comp",2701983,"I can understand your disappointment over the missed promises. This is certainly not the experience we wish for you to have. Please let us know if your mattress doesn't arrive tomorrow. We're here for you, Ross. ^FD"
1285525,420700,ICH WILL MEINEN MARIO DOWNLOAD CODE aaaaahhhh,1285524,Noch ist nicht der 27.10. ;) Da musst du noch ein bisschen Geduld haben. ^AV
388466,207926,Now you want 2 day more .,388469,"I'm sorry this is taking longer than usual. However, I'd request you to allow us the requested time, we'll get back to you. ^AP"
218899,167107,It means it is fake,218900,"As informed earlier, the offer is not genuine. Kindly refer to Amazon.in for genuine promotions. ^GK"
366896,195599,I HV added the products to my cart went for checkout BT few products hv dlvry address issue I went bk removd them bt its nt wkng,366897,I'm sorry to hear about ordering issues. Kindly report this here: [LINK] Our team will look into this. ^VN
230200,170841,届いたー！！ 現代語から引けるから大変便利！ずっと眺めていたくなる…✨ 高校時代にこの辞典があったらもっと古文楽しかったと思う…,230199,Amazonのご利用、ありがとうございました～😊 HM
2119245,463404,"#Amazon, prime depuis 3 ans 10 commandes par mois mais pour obtenir le remboursement d'un colis jamais livré et qu'amazon n'arrive même pas à se faire retourner par TNT c'est 5 appels 3 twitt 8 jours pour enfin avoir un mec qui gère le truc.",2119246,Je suis désolée par rapprot à cette mauvaise expérience😓sachez que c'est grâce à vos remontées que nos services s'améliorent.^FT
1635218,340677,Sinon j'aime bien Prime,1635217,S’il vous plaît contactez-nous ici: [LINK] 2/2 ^BR
440999,219630,I have filled out the form.,441000,"Thanks for sharing your details, we'll work on it and get back to you at the earliest. ^HN"
456569,223422,"Thank you, already sent email and waiting for a reply there. Apologizes for the persistence as we absolutely needed this today. I'll continue the discussion in the email once they reply.",456571,Thanks for the update! Let us know if there's anything else we can do to help. ^SE
2887398,800702,thanks for ruining cyber monday week deals by turning your site into a harder to follow verssion of a w00toff.,2887397,I'm so sorry for your experience! I'd like to help! What issues were you having with the site? ^VF
144078,148576,はい、予定日が11日から18日の間でしたが商品届かず20日出品者に連絡した所日本の税関で止まってしまっているのでは？との回答で後3日程お待ちして下さいと返信が来ましたが今だに届く気配もありません。,144077,さようでございましたか、失礼いたしました。お手数ではございますが、再度出品者にご連絡いただき、問題が解決しない場合は、前回ご案内さしあげたように、保証の申請もご検討ください。 RI
2226717,172574,"really enjoying the 'Group' support for music, but it would seem odd to me that speakers can only be in one group at a time. Surely most users would want to have an 'upstairs' AND and 'everywhere', for example.",2226714,Have you just got the one echo David? [LINK] ^KM
633606,267156,"por favor, dejen de trabajar con seur que es imposible. Nunca doy recibido el paquete el día que dicen",633605,"Hola Sara, sin brindar información personal o de tu cuenta dinos, ¿qué ha sucedido? ¿Se ha presentado alguna situación o inconveniente con un pedido pendiente de entrega? ^KS"
2838517,789971,"eu te amo, entrega mais rápida da vida ❤❤❤",2838516,"Tayná, nós te amamos também! 😍 Nós conta, o que comprou? ^DA"
2804259,782182,ご丁寧にありがとうございます😊 今後とも楽しませてもらいます〜\( ˆoˆ )/,2804257,( *• ̀ω•́ )b SK
538537,244855,Transportdienstleister ist Amazon... [LINK],538539,Dann melde dich bitte mal über diesen Link bei uns im Amazon.de Social Media Team: [LINK] Wir prüfen deine Bestellung dann einmal. Liebe Grüße ^AN
133866,146160,"Sir maybe you are able to help me with my order in getting the refund, as your teams in India are not able to do anything since last two months.",133865,I'm sorry about the stretch. The details are escalated to the team and we are working on it. We will reach out to you as and when there is an update. ^GK
231861,171215,Any Progress regarding my complaint,231862,You would have received an email from our team by now. Kindly check for the same here [LINK] ^VM
2126649,417421,Sorry but I am really not interested in doing it again n again.Pls just process my refund. So disappointing.this isn't d first time I've experienced this.Amazon is seriously failing. #shameonamazon.IL tweet everyday reminding one customer can really cost u.,2126651,"I understand the disappointment, Sheetal. Please contact us from here [LINK] we would be glad to help. ^KK"
197999,162538,[LINK] Disgraceful,197996,I'm sorry about the trouble with your delivery! Please reach out to us here: [LINK] for more assistance. ^TK
2317649,384053,Chat Script with Amaon on 30th October. Assurance was provided that this issue is at top escalation level and our team will get back to you shortly. Don't know what is happening to amazon while providing support. Are you only for sale in system. What about such issues?? [LINK],2317648,"Also, please don't provide your order details, we consider it to be personal info. Our page is visible to the public. (2/2)^SF"
989832,354478,"Although Amazon does big chunk of business in Karnataka, still doesn't include Kannada Books and Kannada movies on Amazon Prime. Why? We have Tamil, Telugu but no Kannada.#kannadalivesmatter , #Siddaramaiah #KannadaSahityaSammelana",989830,Regional content is an integral part of our content in India. Please stay tuned as we expand our content selection. ^SF
830166,317678,Kinda pissed bc my package was supposedly left by my door but there’s no package and i need those things for this weekend 😤,830165,I'm sorry you haven't received you order. Try these tips to help locate it: [LINK] ^CL
1439767,454120,Followup on complaint logged two days continuously and NO RESOLUTION-REPLY YET. So Prime is a scam - has 20 OLD hindi movies?,1439765,We would like to help you. Please share your details with us here: [LINK] We'll get in touch shortly.-Bikram
1860274,149070,tracking number 184121217537. We never requested delay delivery.pure lie. This is bad. Called customer service 3 times.no delivery,1860277,That's unusual. Let us help you out here. Please drop your details here: [LINK] (1/2) ^VM.
1014222,359991,after years of using your service I am done not only did you access my credit card without authorization but customer service bad!!!,1014218,"I'm sorry to hear this. Without posting account info, can you tell us more about what happened when you called? ^GR"
2584267,732319,Será que quer de volta esse the monho da Tasmânia? [LINK],2584265,Oi Clarissa! Que lindooooooooo! Que fofura de cachorrinho! Adoramos! Qual é o nome dele? 😍🐶 ^JJ
2300045,667570,As suspected - my order didn't come. Still not dispatched. Second time in 2 weeks Prime delivery has let me down. Not impressed.,2300061,"I apologize for the inconvenience, Janice! We'd like to look more into what's causing the delay for you. Please reach us via phone/chat directly: [LINK] ^CS"
965267,349046,I have already called your associate but there doesn't seem to show any progress,1102823,the link provided above and only then we'll be able to check the issue and assist you. 2/2 ^KA
83521,134351,I've contacted you via email.,83517,Great we will be replying as soon as possible. ^CR
1175471,396508,- An Xbox 360 I gave away won't deregister from Amazon Video via [LINK],1175470,Thanks for reaching out. Are you receiving an error message? Let's try de-registering on a different device/browser. ^GG
2398892,576125,Pedir por es decepcionante. Se supone q recibiría entre 19 al 25 y aún lo retienen. #PuertoRicoRelief,2398891,(2/2)recibas por favor contactanos de nuevo.^MB
1598871,463006,"[LINK] no mention of may contains, if there was a pic i would have decided no. Due to, mc of soya and egg.",1598873,"Sorry to hear that, have you looked in to returning the item? ^JJ"
257690,177297,"It's only just arrived, just confused as was told by CS earlier that would definitely have been delivered today.",257691,We're glad your parcel arrived. Thank you for letting us know. ^CE
807265,158484,"#AmazonIndia quality of service has detoriated a lot, earlier i used to receive shipment before schedule date and now getting such update. [LINK]",807264,"Please don't provide your details, we consider it personal information. Our Twitter page is visible to public. ^HD"
2954398,815660,Oui 2 fois et Colis Privée aussi. On m’a dit 48h avant réponse. Après le second appel j’ai bien stipulé attendre réponse demain matin au plus tard.,2954400,"Entendu, notre service client prendra le relais au sujet de cette réclamation. ^KD"
1657876,505840,"Why such a big box for #amazon 2 items? I ❤️my delivered items, but this huge box &amp; extra bubbles, waste of resources.🤔 [LINK]",1657875,Thank you for reaching out to us! Please provide packaging feedback for improvement here: [LINK] ^NN
990782,354113,Pls end this drama. One more pickup reschedule and result is same. Again not picked up. No call. Unbelievable. Wondering whats ur intention.,1325886,I'm sorry the pick-up hasn't been completed yet. Could you let us know if you've shared your details using the secured 1/2^AP
1730671,522960,me rompes el corazón no tienes el perfecto regalo de navidad. [LINK],1730669,"Hola Ateinotna, puedes estar pendiente de las novedades en el Sitio Web. 😀📦 ^VL"
348670,198997,"not rcv my 1 paid product till now,other 3 nos had been rcv before 1 mnt in sane cart.I shall go to consumer court or pay intrest for it.",348672,I'm sorry about the delay. Kindly share your details here: [LINK] and we'll look into this. (1/2) ^GK
2906701,804877,Thanks for leaving my product on my door step today it’s now soaking wet and ruined!!🤬😡,2906700,Oh no! I am so sorry to hear this! Please reach out to us here and we will look at options together: [LINK] We are here to help! ^DJ
127972,144764,Either you’re smoking weed or weed is smoking you ? take a look at these mail sent by your so called customer representatives on the same day. You just extended my refund process from 24hrs to 10 days . #boycottAMAZON . Good bye Amazon. [LINK],127974,"Please don't provide your order details, we consider it to be personal information. Our page is visible to the public. 2/2 ^RI"
64004,130697,"item not yet received, Order date 26-Nov-2017 Order # 406-8211914-5496311 Tracking #: 350134473493",64003,"Please don't provide your order details, we consider it to be personal information. Our page is visible to the public. 2/2 ^KK"
1706581,517200,You can also CHK I have reply you,1706583,I understand your concern. I’d like to help you. Please fill this form: [LINK] and I’ll contact you soon.^RI
2389774,688445,expected delivery date of my order was max 13 Nov but did not get till now. How will you take this case?? How will you compensate for this??,2389772,I'm sorry for the delay in delivering your order. Kindly get in touch with us here: [LINK] and we'll assist you accordingly. ^AU
2151019,632160,App not working on Samsung Galaxy Note 8. Tried uninstalling. The app is simply not opening.,2151017,That's strange. I've just checked &amp; it seems to be working fine. Kindly try accessing the app after sometime. Do keep us posted.^MM
542234,245838,You guys have such an amazing content but it doesn't matter if you cant improve your search results,542232,That's quite a comment! Could you please let us know what went wrong? We'd like to into this. ^RB
753557,300095,The tracking details show that the product has been sent back by the courier.. Can you please tell me what I have to do?,753558,We'll contact you with an update soon. Request you to wait for an update from us.^ZH
1871752,558958,Gekaufte Bewertungen auf nehmen langsam überhand. 2. 5*-Produkt in Folge das nichts taugt. #sonicht #dannebenwoanders,1871753,(1/2) Gerne überprüfen wir die von dir beanstandeten Rezensionen. Gib uns hierzu doch bitte die entsprechenden Links zu den
230075,170820,"So refers me 2 seller, seller says I have escalated issue to Amazon. Round n round we go. Slow clap. Well done!",230074,We've received your revert and shall reach out to you soon with an update. ^GS
1479697,463598,"Amazon cancels order,deletes it from my order history. Called support,asked to reorder at 50% added price! Well played #amazon #AmazonIndia",1479695,Did you report this to our customer service team here: [LINK] ^SI
1065195,371488,só que o kindle tá registrado e não é a 1° vez que faço compra assim,1065196,Acesse o seguinte link por favor: [LINK] ^JJ (2/2)
1097831,379058,Worst service by Showing something on website and happened something. Delivery not on time.,1097829,We apologize for the delay in the delivery. Please contact us here: [LINK] and we'll help you. ^ZH
418412,214828,I return my order but no delivery boy come to take the order from me. My Amazon email I'd is __email__,418413,Sorry for the delay. Have you reported this to our support here: [LINK] They'll assist you with this. ^ST
233516,171588,Who is this accounts specialist team which is never contacted me? Can't you do this favor to pass on my query to them.,233515,"account specialist team or you may reach out to our support team using the link shared earlier by ""NK"". 2/2 ^GK"
404086,211646,"Have the worst time trying to unlock my account with - 4 phone calls and 3 emails later, no one is listening or helping! I just want to access my account again! #customerservice #amazon #angrycustomer #itsgettingridiculousnow",404084,"So sorry for the frustration, Debbie! Have you received an email from an Account Specialist? Please check spam/junk folder ^AD"
67549,131425,Through the website. Used the gift ideas link and filtered to gifts under £10 for women :),67551,"Thank your the additianl information, Julian!^SM"
2322240,33433,"No. So given this 72hr processing time for a Prime-stocked item, I should buy from my local shop instead if I want it for tomorrow?",2322242,The earliest that item from that seller can be delivered is Thursday. Are there any other sellers available that may be able to ship right away? ^CS
612649,265703,Support will not listen. Is there anyone on the other end of this Twitter account who cares about #Echo and #Alexa functionality?,612646,"Without giving us any personal information, can you let us know what has happened? ^KI"
382609,206702,Ordered 1 arrow shoes for UK 9 size. Amazon has delivered worng size shoes of UK 10 size and now Amazon is dening for replacement,382608,Apologies for the inconvenience. Please fill this form: [LINK] and we'll assist you accordingly. ^MN
1445378,455404,I ordered the new South Park game which is releasing tomorrow but my estimated delivery date is the 27th? Prime 2 day?,1445379,(1/2)Two-Day Shipping refers to the time it takes once the order ships. Some items aren't able to ship immediately.
2938281,812180,", stop lying we never asked to delay our order. Ur is simply late. [LINK]",2938280,We would like to help you. Please share your details with us here: [LINK] We'll get in touch shortly. Please don't provide your order details as we consider it personal information. Our twitter page is visible to public.^CB
1337250,431911,I would like an email address for escalation,1337251,I'd like to personally help you. Kindly fill in your details here: [LINK] and I'll look into it. ^NR
2299307,667388,Package was delivered to incorrect house on my street when my house number is correct on my amazon account.,2299309,Please reach out to us here: [LINK] so we can look into available options with you. We'd like to help! ^ZW
2531975,720612,いや、注文確認メールは来たのよ お支払い番号のメールだけ来てなくてキャンセルされたのよ,2531974,お支払番号を記載したEメールのみ届かなかった場合、迷惑メール設定などが原因で受信できていない事が考えられます。設定を見直して頂きますようお願いします。また、お支払番号が発行されると注文履歴の「領収書／購入明細書」という欄からもご覧いただけます。 EK
757565,301046,Eu ainda NÃO ACREDITO que comprei essa belezinha por 70 golpes na black friday da #Legenda da fto: edição definitiva de Watchmen em capa dura [LINK],757564,"Nossa!😱 Está legal demais!😁 Adoramos!😍 Me diga, você gosta dos comics?🤔 ^HC"
132513,145898,"dear when I ask alexa to tell me I'm pretty I think it should respond, ""Were I unwed I'd take you in a manly fashion."" not some crap about beauty being in the eye of the beholder. :p",132512,We'll get on to our developers and see what they think. :-) ^DC
2764469,773253,Fabulous my prime parcel already late is in Inverness according to for delivery shame I'm in Newcastle upon Tyne. Foaming as need this delivery for a present !,2764467,"Oh no, sorry to hear of the delay. Did you receive a revised delivery date? ^ES"
2142948,630058,Never Got mine. N They said I didn't order? WTF,2142945,I'm sorry to hear your order couldn't be found. Did you receive a confirmation email that you're order was placed? ^SY
1568821,483999,My order details are #404-1808189-9323540. Returned Purva Art womens wine gown &amp; Royal export taffeta silk &amp; crepe gown.,1568823,"I'm sorry about the hassle. Have you shared the details via secure link provided to you earlier ? Also, 1/2 ^SB"
1117051,383580,i have booked one order and number is 405-2720762-0238716 i want to change delivery address same as billing address plz help me,1117069,"I understand your concern, please contact us here: [LINK] so that we can assist you accordingly. (1/2) ^SC"
1258566,383464,"Dear I think your recommendations is broken? I listen to Foo, Fall out Boy and Blink182. Not sure why you are giving me this? [LINK]",1258564,That is strange. Are you sure you aren't a Little Mix fan? ^KM
526521,241847,Amazonからお届けものデーす [LINK],526520,(´-`).｡oO ( ひと足早いクリスマスプレゼントかな？🎁🎄🐶 )HM
432330,217823,I work at an ‘open to the public’ place that I leave at 5pm. At 4pm an Amazon driver couldn’t deliver my package... [LINK],432328,I'm sorry for the trouble! We'd like to take a better look at this with you. Please reach us here: [LINK] ^KP
821213,315603,Oh no problem glad your here to help my display screen is too pic and it has a yellow boarder around it 😐,821215,You may have VoiceView turned on. You can learn more on how to turn it off here: [LINK] ^JM
2383318,120538,stop wasting my time by doing all these drama,2383319,"We apologize as your recent experience with us was unpleasant. However, we wouldn't be able to provide any further insight on this issue unless you provide your details. Appreciate your understanding. ^BV"
350973,199503,Shoutout to the person who delivered my package and just threw it in the porch &amp; ran off. 👌,350972,"Apologies, this is not the service we expect. Please reach out - [LINK] we'd like to escalate further ^TP"
1390055,443322,None - I was so excited too,1390054,Hi Em. What delivery date was originally provided to you when you first placed the order? ^TP
1773833,533107,This is all it says on my Galaxy S7 when I try to send a document to the app. However on my tablet and via email it works perfectly fine. [LINK],1773835,Reach us here so we can have a look into this with you: [LINK] ^CL
1616345,495680,thanks for ruining the Christmas presents I ordered for family and not sending them in an amazon box and just whacking a delivery slip on the present ! It’s coming up to Christmas ! Things are surprises! example below! #badsanta #Amazon [LINK],1616343,"Oh Adam, I'm so terribly sorry! I hope the surprise wasn't ruined. For more information regarding Amazon packages not coming in boxes, click here: [LINK] You can submit your package feedback here: [LINK] ^SY"
684760,283435,Ja. Aber ich kenne die mittlerweile auswendig. Und mag weder Fußball noch Autos. Ich nutze übrigens den Fire TV Stick,684758,Gerne leite ich dein Feedback an meine Kollegen weiter. ^AM
319461,192171,"Hi, I am unable to select a delivery speed. 'Scheduled Delivery Cannot Be Selected For This Order'? [LINK]",319465,"Some items are eligible for scheduled delivery, those items need to be placed in a separate order. 1/2^MS"
863360,325013,"meu livro chegou danificado, o que eu faço?",863358,"Olá J, sentimos o inconveniente. O livro é vendido e gestionado por Amazon ou por um vendedor externo? ^DA"
2314236,671065,"??????.......????, [LINK]",2314233,Sorry about the inconvenience. I've checked and see the website is working fine. Please try using a different browser. ^NR
2369582,683840,"a very long time ago amazon let people add ""ideas"" to a wishlist that acted like their own items that you could add the comments on and everything. eventually the feature to add them was taken away but existing ones still remained. now ... (1/2)",2369580,Thank you for explaining it me. I vaguely remember what you're referring to. It was almost like a review of the items you wanted. Here's a link to our wish list help pages to see if they help: [LINK] Does that sound about right? ^SY
1527630,474323,Well done most help lines are useless 5 min online chat sorted my problem and refunded my card 👍👏👏👏,1527629,"We're happy we could help! If you need anything else, please let us know. ^AG"
1365425,437905,It was supposed to be here on Wednesday. Don't break my heart amazon 💔,1365427,"When checking your tracking did it say that it was delivered, missing, or shipped? We are here for you! ^LS"
2115553,623656,"Not sure, but as of the attached image I suppose is Calumet [LINK]",2115555,I see. Please reach out to Calumet for more information here: [LINK] ^WJ
215105,167107,Yes the order was on Amazon,215103,"From the screenshot provided, looks like the order wasn't placed from our website, Ankur. ^HD"
2616377,739518,c'est noté.,2616378,Nous vous remercions de votre patience.
1311843,426542,"Dammit quit double charging me. First prime, now kindle. This close to canceling",1311841,"Hi, sorry to hear that. Can you tell us a bit more about the issue w/o sharing any personal or acc info? ^JJ"
980216,350247,How many times i need to followup with ur executive...,980217,"I'm sorry for the trail in delivering your order, write to us here: [LINK] &amp; we'll get this sorted. ^MJ"
869846,326539,...marked as being out for delivery as opposed to refund request being processed or accepted.,869847,We're unable to access account info via twitter. Please contact directly for options here: [LINK] ^JF
111865,140841,It does not work. There is no wwe network app in the Fire 10 store,111864,"I'm sorry to hear it's not available on your device, Greg! In this case, it's best to let the developer know by sending feedback to: __email__. Please let us know if there's anything else we can do to help! ^CS"
1587315,150316,The link does not have the option for the reason to give nor does it have a option to type it out! Please you do look after it!,1587317,The list of used products accepted under the Exchange Offer program and their prices is dependent (1/2)^SQ
1953355,579935,No delivery....is there no way of fining the courier?It is YOUR Prime service they are messing with.,1953356,"Hi, Please reach out to us with the link provided so we may look into this for you. [LINK] ^CR"
429012,217029,do I get charged straight away if I purchased an item on pre order ?,429011,"We don't debit the money until just before your order dispatches. However, with pre-orders we may reserve the funds in advance^TP"
35847,123811,They said on he we site they tried to deliver at 853 last night. Checked my video. The delivery guy never showed.,35848,Sorry to hear this - pls contact us so we can escalate to the carrier : [LINK] ^TD
1034704,364769,Ordered product .. Got Empty Box .. ORDER # 405-9378279-1916326 Please solve it ASAP.,1034705,Please fill in your details using the link: [LINK] and I'll get in touch with you soon. ^AK (2/3)
2745955,362015,"Ordered a Aicok Sous Vide cooker, it was a ""BLACK FRIDAY LIMITED TIME DEAL"". The next day it drops $20. What gives ?",2745953,"Thanks for asking, Justin! The answer to your question can be found here: [LINK] ^SE"
86074,134791,From urselfs bar the €1 on Thursday! I've conveniently been told the card needs a day r so to activate so I tried purchasing something else from ur site an it was accepted straight away. So there is NO ISSUE with my card. And I want to know how to get this resolved as I'm being,86072,"We're here to help, sorry for any inconvenience! With Twitter, we're unable to access account or order information. To learn how to resolve a declined payment, click here: [LINK] ^JE"
2800477,781280,"Thanks it’s not a problem, it made me laugh. Saves a load of unnecessary packaging",2800479,"Glad you understand our aim to reduce unnecessary packaging, have a great day! ^BD"
132340,145861,I’ve tried that too! Just get ‘it’s been marked as delivered’,132342,Have you had a chance to reach out to the courier? [LINK] ^RO
1688829,512790,This was cash back [LINK],1688831,"I understand that you are concerned about the cash back. However, I request you to please report this to our support team on the link shared earlier so that we can assist you accordingly. ^BV"
1682747,387423,Help or close Amazon. This is redundant issue. Do you have logistics or dummies doing random thing. last 45 days Amazon cancelling my orders without delivery attempt.,1682748,issue. Every report they receive will be investigated and appropriate action will be taken to resolve it. 2/2 ^SY
1488841,207161,Applausi ad per l'ennesima consegna in ritardo. Non pago Prime perché mi regaliate mesi in +. Pago per avere consegne rapide!,1488839,Sono spiacente per il ritardo. Il nostro Servizio Clienti è a tua disposizione cliccando qui: [LINK] ^MA
529112,242512,Amazonに登録してないアドレスへAmazonなりすましメールが届いたんだが、どうやってこんなドメイン取得してんだ...？ 本物のAmazonと見比べても.co.jp同じだし [LINK],529110,実際の送信元Eメールアドレスと、受信側に表示させるEメールを偽って変える手法の迷惑メールも存在しているようです。Amazonを語る迷惑メールが出回っているとの事なので、心当たりが無い場合には返信や電話などせず、破棄いただくことをお勧めいたします。どうぞご注意下さい。 EK
927513,305262,Same issue was faced by me also ...and was literally harassed by ur guys ..will never ever order from your shitty app,2304178,Sorry for the confusion. Please share your details here: [LINK] and we'll help you with this. ^SQ
2064405,407554,"Amazon canceled the order again without asking, Shameless [LINK]",2064404,"Please don't provide your order details, we consider it to be personal information. Our page is visible to the public. ^GU"
264799,179075,I filled it like ages ago but noone ever called,264801,"You should have received an email from us, please check and revert. ^HN"
1693576,513957,Por eso te amo #XboxOneX [LINK],1693575,Hola Lalo. 😱 ¿Cuán emocionado estás por recibir tu pedido? ^HC [LINK]
803008,311349,Si excelente que debo hacer gracias,803006,"Hola Jmario, solo debes ingresar en el enlace e iniciar tu período de 30 días de período de prueba: [LINK] ^HC"
1522620,473143,Hey I've never pre ordered a console from amazon before would i get the console the day it comes out or the day after?,1522619,Hi! The delivery date is shown on the email confirmation. Or you can also find it here: [LINK] ^BA
373627,204537,"Ordered on Oct. 6 (long before “order before X time to ensure two-day”), it’s arriving October 9. Respectfully, that’s not two-day shipping.",373629,"Two-Day shipping refers to transit time, in business days, once your order is shipped. Please keep us posted upon delivery. ^GM"
1937604,576399,"My account was hacked, entire history and all videos purchased are now gone. No one is helping. Can I get a refund for all the videos I bought but were deleted by the hack? Does even care when customer accounts are hacked?",1937603,I'm sorry for the trouble with your Amazon Video library. We're unable to access your Amazon account through Twitter. Please reach us by phone or chat here: [LINK] ^LR
1459762,458833,No delivery...,1459760,Oh no! Let's look into this in real time. Please call or chat with us here: [LINK] ^BA
432847,217955,Entrega prevista: 9 oct Enviado,432849,Entiendo. ¿El producto es vendido y enviado por Amazon o por un vendedor externo? ^LG
124729,143940,会員になるかレンタルするか、 どちらがお得ですか？,124731,該当作品は、第一話レンタル HD高画質 250円、SD標準画質 200円です。次のエピソードもレンタルしてご覧になる場合はその都度かかります。プライム会費は、月間プラン400円、年間プラン3900円で見放題です。[LINK] お客様にとってお得なほうをご検討ください。 RI
2787752,778244,"Just a quick suggestion, maybe train customer service reps not to blame their already upset customers for their account getting hacked. I have never been to Rhode Island so I’m quite confident I did not simply leave my device logged on there for someone else to use...",2787751,"I'm sorry to hear this was said, as this certainly isn't the level of service we hope to provide. The survey e-mailed after your call can be used to share feedback for improvement directly with the associate's manager. ^MB"
2153959,729327,Me encanta amazon ya he hecho muchos pedidos sin problemas sigan así,2571965,"¡Hola, Juan! agradecemos mucho tu comentario. Esperamos que sigas recibiendo muchos pedidos y que disfrutes mucho tus productos. 😍😃🎉 ^AA"
1713804,519009,わざわざありがとうございます、申し訳ないです。姉に注文してもらった商品なので、姉が帰ってきたら問い合わさせていただきます、ご丁寧にありがとうございます！,1713806,ご迷惑をおかけしております。お手数をおかけいたしますがどうぞよろしくお願いいたします。HM
1043570,366780,"Received the attached reply, now everything is separate but when you buy something everything is Amazon [LINK]",1043573,Thanks for the update. Do reach out to us for any further concerns. ^EM
2881292,799502,this is the second time amazon disappointed me .never expected this from amazon,2881290,"I'm sorry, this was never intended. Did you report this to our customer service team? ^SI"
2403952,679483,packages not arriving on time. Still no refund. Wow amazon.,2403950,Sorry to hear that- without giving any personal info can you tell us what happened? ^MA
2882507,799741,"It doesn’t say, order number is 026-8186667-6663554",2882509,"Hello Patrick, we are unable to see your account info here. Please contact us at: [LINK] so we can assist you further. ^HS"
986411,353773,"Hi , I just unboxed a (brand new) HP Pavilion 15-AU003TX. I don't really know how new computers behave but I'm not Claire. [LINK]",986410,"We'd like to have this checked, kindly report this to our support team here:[LINK] &amp; we'll help you further. ^EM"
539712,245177,I’ve ordered items within the past 2 weeks with my Amazon Prime and they’ve both been late.,539710,"I'm sorry for the wait. Just to confirm, did we miss the delivery dates listed in your order confirmation e-mails? Have you received your items? ^RA"
2345627,678265,what are the news headlines that play on the #echoshow ? It is some of the most irrelevant content imaginable. Can it not be changed/ customized?,2345624,You can follow the steps here: [LINK] to get more or change the content. I hope this helps! ^AD
998213,356370,Hi amazon. You only publish positive reviews?,998211,All the reviews which meet the conditions mentioned here: [LINK] would be published. ^AU
1932400,412748,I've sent emails in response to an order I made. I NEED to change size to 18 mo old onesie NOT 3 mo they're sending me. Plz HELP!,1932398,We'd like to check out options with you. Please contact in directly using this link: [LINK] ^GL
1627606,498307,Still no response [LINK],1627603,"Sorry for the delayed response, Sharon! Has the promised delivery date provided during checkout been missed? ^AB"
1701206,515829,It never came! Annoying waiting all day &amp; now going away - what i needed the item for. Why say it’s going to be delivered when it’s not?,1701208,Thanks for the update. I understand your concern. Please contact us here so we can look into this: [LINK] ^GG
142005,148046,It again takes me to exchange and not refund,142007,"In that case, I'd like you to reach out to our support team using the link provided, Shouvik. Please select the issue and proceed to get in touch with our team. ^JC"
2884988,800236,Any Information?,2884990,The winners' list is here: [LINK] ^AK
2840228,790378,weird how every time I try and make a complain the Amazon rep makes a mistake and doesn’t record it correctly.,2840226,"I'm sorry for any troubles caused, Jordan. Without sharing personal account information, could you let us know what happened? We're here to help! ^TH"
659939,277176,Hey I can't log in on my phone because your captchas are completely indecipherable. I've failed 4 in a row now. [LINK],659938,I'm sorry for the trouble while signing in to your account. We'd like to help here: [LINK] ^RA
727819,294362,yesterday placed order against prime but delivery boys update wrong status on the web od#404-3458920-7446761,727821,Sorry to know about the delivery issue. Please report the issue to our support team here: [LINK] and (1/2)^KA
1693722,442894,Please don't do that again and again! YOU are replying without understand the issue..Email from you was last sent on 1th Nov and I responded same day and also got call after that assuring problem will be resolved.. unfortunately Again you are wasting my time,1693723,I'm sorry it is taking longer than expected. I'd like to work on the issue and resolve it on priority. Kindly share your details here: [LINK] and I'll get back to you. ^SH
2508042,643905,your Amazon Logistics is a nightmare and loses or messes up EVERY delivery they have attempted of mine. I want to opt out.,2508040,"I'm sorry for the trouble! This isn't what we like to hear. Without posting personal account information, can you tell us what's going on? ^KP"
1661439,506760,bonjour. Pourquoi vous envoyez le jeu Battlefield 1 Revolution sous 2 à 4 semaines alors qu’il y a du stock?,1661437,2/2 Nous le recevons et préparons la commande dans ce délai. ^SM
2548595,724195,order number 406-8761389-4340309...I will ve available after 4 PM..can you arrange delivery after 4 PM.,2548597,"Please don't provide your order details, we consider it personal info. Our Twitter page is visible to public. (2/2) ^AS"
2063333,610242,"The problem i have is, i feel i might lose the ""launch edition"" bonuses because in order to ""fix"" this i had to cancel and re-order.",2063334,"I see! Were you able to reach out to us by phone or chat? If so, what options or information did we provide? Let us know! ^KJ"
2847434,791919,"have sent a private message to you, can you please check? Thanks",2847433,We've answered your DM ^VS
2935110,811514,I dropped off 2 parcels at one of your locations. One has been returned but the other has gone missing and doesn't even exist in your tracking system. No one is responding to my return form queries?!,2935108,"Hi, can you tell us how long it was since the parcels were dropped off? ^BZ"
908456,320898,"Hi, do the tickets to 'Amazon Lounge' include reserved seats inside the arena?",908454,We'd love to look into this with you. Please reach us by phone here: [LINK] ^JM
530834,242946,Amazon.in,530836,I'm sorry you've not received the refund. Please report it to our support team here: [LINK] we'll look into it and help you out. ^AP
351494,199613,- No related option to select. Please arrange call back asap.,351496,We'll not be able to gain access to your order details on the social platform. Please select a (1/2)
1828825,548835,Cn i hv stats of order? was supposd delivery 9 Oct? No auto update ur call cntr gave robotic answr they need 48 hour :( [LINK],1828824,"Please don't provide your order details, we consider it to be personal information. Our page is visible to the public.(2/2)^SF"
237542,172560,3rd October,237540,You should receive your code today then at some stage. ^KM
2208492,546715,I know I went through and deleted all my songs of my music account but I'm still getting error messages saying I can't upload 😡 [LINK],2208490,"That's odd, Ashley. Can you confirm if you're uploading the correct format? Learn more here: [LINK] ^SK"
2723415,388552,Yet again Amazon delivery woes as my package was left dumped in the damp grass next to my front… [LINK],2723414,"Hi, do you know which carrier delivered this parcel? ^BZ"
290481,185182,i'm having trouble accessing paw patrol. i can't watch other videos. says low bandwith. can you assist?,290479,Certainly! Have you restarted your modem/router? That's usually the easiest fix! If you have: [LINK] ^TK
1284876,420559,アマゾンから初めて不良品が来た,1284875,ご迷惑をおかけしております。お届けした商品に問題があった場合は、お手数ではございますが、こちらのヘルプページをご参照のうえ、交換・返品のお手続きをお願いいたします。[LINK] RI
1190167,399738,"sent me an empty cardboard box instead of my Elgato Capture card, from 1 day shipping to waiting 4 days #streamerproblems #feelsbad",1190166,I'm sorry for the frustration! We're available to assist. Were you able to reach us about this issue: [LINK] ^SJ
2954309,815651,¿cómo puedo abrir una reclamación a la empresa de transporte que trae los productos? Dicen que han estado en mi casa repartiendo y no ha venido nadie. No me he movido. No es la primera vez que me pasa con ellos.,2954306,"Hola, Carlos. Lamentamos mucho estos inconvenientes. ¿Cuál es la fecha de entrega estimada para este pedido? ^ES"
1592476,489481,pls help I need these packages for a work deadline,1592474,Oh no! Have we missed the delivery date given on the confirmation email? ^BA
2845536,502030,"When an order is placed with the seller on our website, the seller takes the complete responsibility of the shipment. As we are unable to create shipping charges refund as refund has already been initiate from seller end. I request you to please contact",2845533,I understand your concern regarding the self return shipping charges. Kindly share your details here: [LINK] and we'll look into the issue for you. ^GD
909031,335914,"Mais não tenho dim dim, para compra 😖😖😖😟😟",909030,Ahhhhh fala isso não! Tira boas notas e depois pede aos teus pais para te comprarem um presente! 😃🤝 ^JJ
2316987,671779,"Taking extra delivery charge for guaranteed delivery but not deliver product on time, worst service experience Order # 402-4592125-7729953 &amp; 402-1247383-9489136",2316986,Sorry for the delay in the delivery. Kindly drop in your details here: [LINK] and we'll work on it. Please don’t provide your order/account details as we consider them to be personal information. Our Twitter page is public. ^NS
2859763,794697,i've send you a private message,2859762,We've response you on DM. See you! ^FS
2819244,785824,Please send 5 T sale details. I am much interested.,2819243,"The next sale for Oneplus 5T is on November 28, 2017. For more details please visit this link: [LINK] ^SY"
1608406,493915,your service is very unsatisfactory. me and my friends and family are also deeply unhappy by it. I'm never using Amazon again,1608405,I'm sorry about any inconvenience. Could you let us know what went wrong? We'd like to help. ^SG
2110316,294378,this is what your delivery guy thinks is an acceptable delivery to our flats. We need to talk. [LINK],2110313,"Hi, I'm sorry to hear of this. Have you reached out to us directly about this? If not you can do this via the following link: [LINK] ^KI"
317275,191716,"Courier is showing false status, no delivery attempted, I am waiting in office, no call no attempt tracking 5180735251790",317276,"I'm sorry for the incorrect tracking with your order, call us here: [LINK] &amp; we'll be glad to help. ^MJ"
644032,272883,I am tired of doing this thousands of time ...,644034,"Apologies for the inconvenience, Veinay. If you've shared details, a correspondence is sent to your registered email. (1/3) ^SV"
2451707,702531,Hi. Looks like the mail man hit the wrong button on their handheld. Turns out the packages where in the mailbox kiosk. Usually they'll indicate that. Next time I'll check the kiosk before rage tweeting. My bad. Thanks for the quick reply. Everything is fine.,2451709,I'm glad it was sorted! Let us know if you need anything else! ^TR
277858,174402,From last 2 weeks i am waiting i got frustrated now how yo'll help me,277859,"I get your disappointment. We're working on this, we'll reach out to you soon. ^SG"
328438,194312,Requested the books I ordered be left with a neighbour. Driver left them in a bin in the rain 😔 safe to say they’re a bit soggy!,328436,I'm sorry your books were damaged. We'd like to look into this with you here: [LINK] ^AF
1394386,444273,Gracias por el fantástico servicio que dais salvo cuando cobráis suscripciones falsas. perdéis un cliente... adiós!!,1394383,"Hola Manuel, sin compartir información sensible, ¿nos comentarías qué sucedió? ^HC"
716037,291341,I can talk to Alexa in the music app but not the Alexa app. Hmmm.,716036,We're always looking to improve! Please share your feedback/requests from the Alexa app: [LINK] ^GG
1259697,415149,"order No- 404-7367730-9567547 Ordered iPhone SE, phone was defective.Needed it on urgent basis. Bought one at a price lower.refund",1259698,"here: [LINK] Also, please don’t provide your account details as we consider them to be 2/3 ^SB"
493328,232611,"Der Postbote ist sogar lieb (zumindest der der da war bevor ich den Eintrag machte), aber um mit ihm zu sprechen müsste ich ja erst mal mitkriegen dass er da ist ;) (keine Sicht auf Straße)",493329,Alternativ kannst du auch direkt bei DHL einen Ablagevertrag machen. Liebe Grüße ^TA
2291779,665589,最高です…… 友人にも進めていきます。 Thank you.,2291778,ありがとうございます！😉 EK
1196792,401190,アマゾンのカスタマーセンターを名乗るとこから未納分の代金があるから今日中に電話しないと法的手段に出るっていう架空請求きた……こわ…………,1196790,こんにちは、Amazonです。当サイトの名をかたる架空請求詐欺が増えております。そのようなメールに記載されている連絡先には、ご連絡なさらないようお気を付けください 。 YM
2752420,215760,"ordine __credit_card__ prelevato da cc di 10,59€ e tentato di prelevarlo ancora e spunta credito negativo che succede blocco cart",2752418,Potresti darci maggiori dettagli? Hai effettuato un ordine e stai riscontrando delle anomalie nel pagamento? ^GD
2278374,306380,i am following amzaon regarding this issue since yesterday .but not getting support .if something went wrong .amazon is responsible for this,2278373,We've replied to you via DM. ^SG
1339666,432479,"Buy things from chor bazaar bt nvr from ..worst service, worst after sales, in dimple words.... Thieves! #amazonsucks",1339664,Looks like you had an unpleasant experience with us. Could you let us know what went wrong so that we can help you accordingly?^NK
380197,206182,And for One product Amazon keeps telling me that I can't order more than two quantity,380205,the products. If the order quantity limit is exceeded the order will be automatically closed. (2/3)^AP
1323269,428803,"O site não deu estimativa, mas fiz a compra na pré-venda em julho.",1323271,"Ao verificiar o pedido em ""Seus Pedidos"", clicando em ""Rastrear pacote"" que status te apresenta? ^DA"
609377,264859,Have come to the conclusion that prime is useless as long as they keep using Intelcom to lose all of their packages.,609375,Hi Jamie! Are you currently waiting on a delivery? We'll be glad to help!^CN
2537449,721753,"It’s turning on but the remote isn’t working anymore, I’ve to unplug the fire stick and plug it in again to turn it on",2537451,"Sorry to hear about this, can you pop the batteries out of the remote, and back in again, then press and hold the 'Home' button for 40 seconds to force the remote to repair with the stick? Give it a couple of seconds and check again. ^MI"
2663831,750638,your wrapping makes my teenagers look like professional wrap artists. A little bit of common sense can go a long way. [LINK],2663830,"My apologies on the wrapping, or lack thereof. We do appreciate that kind of feedback though. Tell us more about it here: [LINK] ^CH"
1562320,482566,"Was genau bedeutet ""garantiertes Zustelldatum""? War bis gestern abend 4.11. Heute wird flexibel 4.-7.11 genannt. #why",1562319,Über Twitter haben wir keinen Einblick in die Bestellung. Unser Kundenservice prüft das gerne: [LINK] ^UK
395989,209753,.The order status shows delivered and handed to the customer but haven't received my package yet. Please help.,395988,I'm terribly sorry for this situation. Have you reported this to our support team here: [LINK] ? ^MP
781945,306675,Contacted... They have been giving false assurances and unhelpful,781952,(tracking ID visible in the screenshot) as we consider it to be personal information. Our Twitter page is visible to public.(3/3)^RS
2447417,701568,Amazonプライムという有能中の有能,2447416,|ω・).｡oO( なにやら喜んでいただけているようでうれしいです・・・！） SK
2863429,795381,"So Umm video Tuesday because amazon made an oopsie shipping my package, thanks 🙏",2863428,We're here to help! Have we missed the delivery date of your order found here: [LINK] ^SE
145799,149069,It's strange how for over a year it never happened once and now all of a sudden its every single order,145800,Have you set up your delivery preferences and selected your weekend availability? This can be done here: [LINK]
1541904,407748,I wanted to ask about the refund of one of my orders.. can anyone gimme a call or gimme a number to call to?,1541903,"We don't have access to accounts through Twitter, but we'd be happy to look into this with you here: [LINK] ^BH"
470129,226929,more fake commitments ? lets play it like this then #NeverShopFromAmazon #amazonsucks,470127,"Could you please confirm if you've filled in your details with the link provided earlier yet? If yes, please be assured our team will reach out to you at the earliest. Appreciate your understanding. ^PB"
205777,164753,La fecha de entrega es hoy mismo.,205779,"Comprendo. En caso de no recibir el paquete al final del día, no dudes en contactarnos de nuevo. ^CR"
427755,216720,Yo tengo la negra con otra vez un envío no me llega el día que me dicen y además había pagado un envío express... manda 🥚🥚,427754,"Hola PA3LO, lamentamos el inconveniente. ¿Cuál era la fecha estimada de entrega de tu pedido? ^DA"
2901061,803599,", , . You guys definitely win the “worst customer support” of the year. I am a Prime member and I’m definitely recommending people to stay away from you. Again, worst service ever! 😕",2901060,"We never want you to have a poor experience with us! We're here to help if we can. Without sharing any personal information, can you tell us more about what's going on? ^AL"
253406,176242,Yes I think so,253408,"Was it shipped and sold by Amazon or the Third-Party seller? Depending on who shipped it, options may vary. ^DO"
1392420,443854,Why do I pay for next day shipping if it's still going to take a week is my whole point.,1392419,Hi Lexi- Next day shipping would start as soon as the item is dispatched. We would aim to have the item with you in one day. ^NV
665433,278555,"So when you said 'Need it by 2nd Nov.? - order by...' on your page, you were actually lying? Or what? Your website said I'd have it by 2nd.",665431,"Hi Darren, what was the delivery date for these items in the order confirmation email? ^AT"
2520595,717945,When you want to #read and your kindle decides not to work. Wtf . Not cool.,2520593,I'm sorry for the tech trouble you've been experiencing; could you provide us with a few details about the issue without giving any account information? ^WM
314748,191153,"I don't have a fax! But this is not normal, i am an Amazon customer since many years! Also a prime member...",314749,The Account Specialists will need to receive the info via fax in order to assist. Please find one locally or online. ^WJ
2627686,742159,And I think it's UPS every time.,2627689,I'm so sorry to hear this! Please reach out to us here: [LINK] so we can investigate further and submit carrier feedback on your behalf! ^JY
163544,153827,es que cierta empresa de transporte pierde los envios de la gente....,163543,Sin compartir información personal ni confidencial ¿Podrías indicarnos si has tenido alguna situación con tu último pedido? de ser así ¿Podrías informarnos si el producto es vendido directamente por Amazon o si ha sido vendido por un vendedor externo? ^PC
420083,215145,Package damaged haven't received refund its been a fortnight Order id 4__credit_card__ Prioritise this case and do the needful!,420082,"Please don't provide your order details, we consider it to be personal information. Our page is visible to the public. ^HR"
1163385,393664,"hi, one of your delivery vans rear-ended my parked car and drove off without leaving any details. I have a reg plate. Please advise",1163383,Oh no! Please provide us details here so that we can look into this together: [LINK] ^EA
2528260,719852,", ich warte meine Bestellung seit fast ein Monat. , estoy esperando un pedido desde hace casi un mes",2528259,Das ist in der Tat sehr lange. Hast du dich denn noch nicht bei uns im Kundenservice gemeldet? Mach das bitte: [LINK] Meine Kollegen helfen dir hier gerne weiter. Lieber Gruß ^TG
1045519,116888,I thought this was free on prime? The only free option is next week! [LINK],1045517,Hi Colin- Do you currently have a Prime Subscription active on your account? ^NV
2918722,807853,looks like i need to get in here to figure this out.,2918723,"We can get you in contact with the carrier directly, and leave carrier feedback on your behalf. Please reach out to us via phone or chat here: [LINK] ^BE"
411095,174855,its been out for delivery via since 8 am but now it is 12 hours later. I've sat home all day wasting my time.,411097,We'd like to look into the delivery and available options. Please contact us here: [LINK] ^LI
627697,137541,I asked them about it and they had no idea what i was talking about.,627699,You can read a more in depth description here: [LINK] Let us know if this helps! ^NM
2683612,202186,erledigt. Danke. Ansonsten sollte man die Alexa TV Werbung überdenken.bringt meine Alexa immer ganz nervös bzw durcheinander 😉,2683614,"Verstehe, was du meinst. Feedback ist aufgenommen. Alexa ist halt einfach kommunikativ und will immer mitreden ;) ^AV"
2226787,264539,アマゾンの箱📦が気に入ってるこいけやん。 [LINK],2226786,|ﾛﾟ)ﾊｯ お気に召していただけたようで光栄です～(*ˊ˘ˋ*) HM
2285488,664138,Absolutely disgusted at the service by Amazon. I'm a prime member and have had 9 lately deliveries this month and one damaged item. And no help what so ever from customer service. You've just lost a customer for life,2285486,"I'm sorry for the multiple delivery issues. Did you notice a pattern with the same carrier or was it various carriers? When you contacted us, what did we advise? ^MG"
2184541,639851,Why are your drivers attempting delivery to Amazon locker after it closed at 11pm!!! Two days in a row. Worried it'll be sent back if not delivered today! It's my Xbox One X Project Scorpio edition console. I don't want it sending back!!!! [LINK],2184540,"Have you had a chance to phone us to discuss this delivery? If not, please do so here: [LINK] Keep us posted! ^LB"
1383848,442051,I’ve been through this TWICE already 😡,1383850,We wouldn't have access to your account from here to best to contact directly to request an update on this. ^NV
2826557,787339,"Hello Amazon team, I have ordered an item and got an email that it was delivered to me today. I am at home and didn't receive any product. When I try to call the agent number (8179260086) it is switched off. I am a Prime customer and your service is ridiculous. [LINK]",2826558,Sorry for the trouble. I would request you to wait until the end of the day.1/2 ^KK
946423,344419,Regional languages are present. My query was about Kannada. When ??,946422,We understand your concern. We keep updating our digital library on regular basis. Please stay tuned. (1/2) ^SV
18155,120034,"No, is USPS even contactable, esp after hours? I'll wait and see what happens tomorrow. Two delivery mishaps this month - one UPS, one USPS",18154,"Unfortunately not. However, you can check the carrier website for more detailed tracking information. Please keep us posted. ^SY"
1505405,469385,"Can’t believe I ordered a Christmas Monopoly addition , but what turned up instead ..... WWF addition !! Nice one ... and it even said Christmas Monopoly on the bloody invoice .... who is checking these parcels ?? Defo not elves 😡",1505404,Was the item ordered from Amazon or another Seller? Check under Order Details from here: [LINK] ^CH
1322607,428663,Please Confirm Tickets Booked or not?? Urgent,1327767,"For the confirmation of the tickets, kindly contact the service provider for further insight. ^PJ"
2539571,722211,ログインできなくなってますよ,2539569,ご不便をおかけしております。当サイトでも問題を把握しており、現在解決に向けて対応させていただいております。恐れ入りますが、お時間をあけて再度アクセスをお試し下さい。 SM
947300,344648,where is half of the episodes of SUIT season -6 @ when is season 7 coming down,947299,Unfortunately these episodes are no longer available. We’re constantly adding new content to our library. We will let you know when these episodes are back. We’re really sorry for the inconvenience caused. ^PR
619981,267155,"Way missed, its pending delivery date now",619982,We'd like to see what we can do to help out with the order! Please reach out to us here: [LINK] ^DD
324358,193271,"Thanks. I will be returning, I understand you will be paying return postage ?",324360,"You will not be charged for return shipping due to our error, Toby! Keep us posted if you need us for anything! ^FR"
2689361,738317,It's not been delivered to a neighbour. What if they don't return it?,2689363,We'd like to look more into this! Please select 'Prime and more' in the first step in the link provided. Then 'other non-order questions' and 'something else' in step 2. Step 2 will provide contact options. ^CS
1775043,533435,Me and gonna fight. They keep playing w my prime shipping.,1775042,Hi! Can you confirm the original delivery date that was given in the confirmation email here: [LINK] ^SY
815478,314199,"So basically, I just want an email address or a postal address that I can submit a formal complaint to, please.",815481,"Sorry to hear about this, you can reach us here [LINK] and we'll forward your complaint for you ^MI"
2136176,628414,Checked my account and all of sudden my prime membership is cancelled,2136175,Oh no! Have you received correspondence about your Prime membership being canceled: [LINK] ^AR
2402383,691158,ive got through by phone now so thank you all sorted,2402384,Glad we were able to help. Let us know if we can help with anything else. ^MI
319752,192224,Hey trying to find these boots from your Facebook ad. [LINK],319750,"Hi Krissy, do have a link for the advert please ? ^TD"
844185,320702,"When I get time, I am going to write the complete details of what happened. You have hired bozos and in turn harassing customers.",844187,We'd request you to please wait for an update as our team is working on the issue. ^SM (2/2)
78707,133556,"Didn't expect my parcel, containing Christmas pressies, to smell like an ash tray. I think Rob needs to stop smoking in his van. Disgusting. [LINK]",78706,"I'm so sorry for this experience, Sylvia! Please contact us here so that we can take a closer look into this for you: [LINK] ^SA"
1261136,415442,From Amazon Canada,1261138,"Has your order shipped? If so, are there any recent tracking updates from the carrier here: [LINK] ^RA"
2876701,798566,"First expected Friday, then not delivered today. Where is my package [LINK]",2876700,I'm sorry your parcel is late! Please phone us here: [LINK] and we can look at what options are available. ^LB
883080,328925,"were those eligible to win the iPhone 8 in the Amazon pay mobile recharge contest, already contacted?",883078,You can find the winners list of all contests here: [LINK] ^NR
2855157,793637,"Obrigada pela caixa 📦 Adorei o mas Cacau adorou a caixa mais ainda 😸❤️ Serviço excelente de entrega por sinal 👏🏻 , comprei na #BlackFriday e já chegou 🙀😻 [LINK]",2855155,"Olá, Jessica. Nossa, que gato lindo! 😻 Na Amazon sempre pensamos nos nossos clientes e nos gatos deles, rs! 📦 Fiquei curioso... o que você comprou? ^CR"
2459978,704452,livraison amazon prime,2459980,Avez-vous signalé cela à notre SAV? ^YL
1423036,450691,My husband has already called. Supposedly there will be another delivery attempt this evening. Not sure why I am a prime member...,1423037,We can deliver up until 8PM! Please let us know if you haven't received your delivery by this time. ^KJ
965109,326613,"12hrs, 24hrs, 48hrs???? What is earliest????",965111,We would not be able to specify an exact time but as soon as we get an update from our team. We will get back to you. ^SB
603933,263540,"Non j'ai seulement constater en ouvrant le colis , je n'ai encore contacté personne",603932,Je vous prie dans ce cas-là de le signaler à notre SAV via : [LINK] afin d'y remédier. ^KE
2923478,219111,". unacceptable that a package I have been waiting a week for, that was to be delivered today is mysteriously delayed until Thursday. Do better. Don’t use unreliable delivery services. I NEED my order. You should use UPS, FEDEX and USPS only during busy seasons. 😡",2923476,"I'm sorry for the delay, Eric. When you have a moment, would you tell us who the carrier is assigned to your package? You'll be able to view that here: [LINK] We'd like to help where we can. ^KL"
2885690,355295,Warum habt ihr nur die Dragon Ball Mangas 1-20 als Kindle Edition? 21-42 gibts leider nicht.,2885689,"Hi, dazu liegen uns keine Infos vor. Aber deinen Wunsch haben wir soeben notiert! 🙂 ^VM"
2311429,670346,Amazonでセカダン1とナナドラ3のサントラポチった 早よ届け,2311428,ポチありがとうございます！( *• ̀ω•́ )b お届けまで今しばらくお待ちください🙇 YM
1136571,387757,Amazonは桃太郎便を使うようになったの……？ Amazonから発送通知メールがきてないのに、桃太郎便から不在票が入るから、一体なんの荷物かわからなくて、注文履歴と到着予定日から「この商品かも？」って推測するっていうのが続いてる。連携とれてないの？,1136570,ご迷惑をおかけしております。詳細をお伺いしたうえで対応させていただければと存じます。お手数ではございますが、こちらよりカスタマーサービスにお問い合わせください。[LINK] RI
764765,302784,it was Amazong Prime biught Sat. Del Sun. Never arrived but says delivered in mail slot in orders :(,764763,Oh no! Have you checked on available refund/replacement options in your orders here:[LINK] ^SA
2294978,666395,PS3を使ってテレビでAmazonビデオを見ることに成功！！！テレビで海外ドラマ見放題や～☺️ [LINK],2294977,|・`ω・)ﾁﾗｯ 色々なコンテンツをご準備しておりますので、是非存分にお楽しみください♪(＾◇＾)TY
284404,183738,"hello, my package’s status on the Amazn app is « delivery in progress » while on the forwarder’s website it’s delivered pls help",284402,"Hi, sorry to hear that. What Amazon website did you use to place the order? [LINK] ^JJ"
1590621,489040,わざわざありがとうございます でもどうせプライム会員になったのであればプライム会員を楽しみますw,1590620,リプライありがとうございます(＾◇＾) 色々な特典がございますので、是非！存分にお楽しみいただければ嬉しく思います！！ 引き続き、Amazonをよろしくお願いします(o*。_。)oペコッ TY
440297,219481,you guys sent me the wrong item!!! What do i do?? I needed my order for today 😕,440296,"I'm so sorry for the inconvenience, AJ. Have you been able to look at the options available here: [LINK] ^BL"
2816335,262030,You left my keyboard out in the rain without a box!! What happened here D: Item is dead on arrival [LINK],2816334,"I'm so sorry your keyboard was left out in the rain! We'd like to look into this for you. Please give us some additional information, including order details, here: [LINK] ^BE"
2290603,665365,"Again I am reiterating that on going through that link I find the message in the message center of the amazon account. But I don't find a place where I can reply to that message, try to understand what I am trying to say. I feel you are making the experience more pathetic.",2290604,Please locate the mail in your Mail box. You may use that platform and reply to the email. ^RW
2600449,736105,Amazon 有料会員になったから引きこもり生活が加速する,2600448,引きこもり生活のお役に立てれば光栄です✨ プライム特典をどうぞご活用ください！ [LINK] EK
872184,327067,Such a dis satisfying answer got from Amazon support team. Really feeling bad,872186,Apologies. I'd like to help you out. Please fill this form: [LINK] and I’ll contact you at the earliest. ^NK
198118,162563,I ended the chat for my sanity....any help would be appreciated,198120,they're sent to management to be reviewed. Have you tried using another browser? (2/2) ^EP
2631427,743043,you guys are shit because I️ cancelled my prime account and you still charged me 🖕🏼🖕🏼🖕🏼🖕🏼🖕🏼🖕🏼,2631426,"I'd be just as upset, David! Are there any friends or family members that have access to the card? We want to ensure the charge is properly addressed. ^CS"
1023153,362123,"Hier, : was dein Lieferant so als sicheren Ablageplatz ansieht. Das geht ja gar nicht! [LINK]",1023152,Bitte melde dich bei meinen Kollegen im Kundenservice: [LINK] Sie geben das weiter. ^BL
1333575,431100,your executive saying that talk to manufacturer for help not ..... Seriously [LINK],1333573,I'm sorry about that. Could you confirm if you have submitted your details in the link mentioned earlier by 'ST' ? ^GD
727118,294169,Forced to cancel coz of delay in delivery Was to b delivrd on 10 b4 11.45 still not delivered inspite of multipe requst fr my end [LINK],727117,Apologies for this delay. Please provide your details here: [LINK] and I'll look into it right away. ^SF
662642,277583,"Me dicen que mande algo por fax, no sabia que estábamos en el siglo 19",662641,"Si, los especialistas de cuenta ocupan la información solicitada para poder brindarte una solución con respecto a la misma. Una vez enviada, ellos se ponen en contacto contigo en un plazo de 24 a 48 horas con la solución final. ^Luis C"
1386499,442625,meri aap se Kia dusmani thi Jo muja Etna bakwas cell Dia Mana apni pheli salary se ak phne Lia plz customer Ko cheat mat karo,1386496,"I understand your concern, Bikash. Please connect with us using the link provided earlier and we'll get look into this. ^HD"
180860,312375,"Manual delivery itself has been a bloody mess in our case. No idea on the prod status, delv time and all wrong info updates",807322,We apologize for the hassle. Allow our support team to investigate . You can report this here: [LINK] ^CB.
826600,316898,Just wasted 15k on a defective G5S PLUS. Lost faith in Amazon &amp; Moto. *Sighs*,826602,Sorry to know you're facing issues with your mobile. Please reach out to your nearest authorized service center. (1/n) ^SV
1209890,404011,happy with your service - just sometimes the packaging could be improved #amazon #Packaging [LINK],1209888,Sorry about this Markus. Which Amazon website did you purchase the order on? ^KM
1581349,486818,i am supposed to return 50kg defctve ordr on my own delivery cost but seller can't resend missing 1/2kg part?,1581347,"As requested, please return the order for us to assist you better. Appreciate your understanding. (2/2) ^SV"
2565532,174958,Is tht facility available in Kolkata??? As it's mentioned it's available in selected pin codes,2565533,Please connect with us using this link here: [LINK] and we'll be glad to assist you further with regard to this payment method. ^KA
2786236,777896,Très bien merci,2786238,Merci à vous !
2416382,126983,company is full of scam they &amp; der courier people all are the big scammers they charged money sending wrong items,2416380,"I'm sorry to see you disappointed, could you brief us the issue you are facing, we'll help. ^MJ"
1540968,312123,bit of a useless link if im honest - anything better you can do to help me?,1540969,Sorry to hear that. Have you used link to contact us or are you having trouble using it? ^RS
1895517,674605,So what we can't watch in Canada &amp; UK? Why don't these movies play on amazon other than in India.. costs us 25$ to watch a fuckin movie in theatres,2329976,India then they will not be able to access content that is IN specific. ^AK (3/3)
2518102,717288,キンドルアンリミテッドの本をダウンロードして毎日読んでる。なんとなく読んだ知らない方の本に感動することもあるし、10分くらいで読める軽い本もある。英語学習の本は、大きくてスマホで読むには不向きだから(㍶でも読めるけど)継続するかは検討中。,2518101,Kindle Unlimitedをご利用いただき、ありがとうございます🙏 万が一ご不明な点等がございましたら、ご遠慮なくお知らせください。 YM
2184581,356784,You are cheater company at INDIA at all.,2184579,"That's quite a remark, could you please let us know what went wrong so that we can look into the issue? ^SU"
255005,176627,Thank you! Already did. Hope to get in touch soon! Is there a way to chat to someone?,255007,The relevant department doesn't offer chat support. E-Mails are usually answered within 12 hours. Regards ^MI
781927,296764,I dont care about your high volume. I want a call on 8817562771 RIGHT NOW,781928,"Please don't provide your contact details, we consider it to be personal info. Our page is visible to the public.(2/2)^GU"
2811111,783917,"hey there, thanks for the quick reply. Can you please have a look into this on priority",2811110,"We have received your details, Aravind. Our team will look into it and get back to you at the earliest. ^SF"
472351,227490,"After doing online orders today at work, I have a special place of appreciation in my heart for those who work at doing my orders lol I love y’all 💗",472352,"You must have a big heart, because there's a lot of us here, and we're all sending love right back at you ❤️ ^PJ"
2573789,203955,having issues with my order I need assistance ASAP,2573788,"Hi Vanessa! Without giving out any personally identifying information, can you please tell us the problem you are having with your order? Thanks! ^WB"
2132877,627591,amazon seller make me fool send me different item but amazon can’t take any action i really dissapoint with amazon please help me order id #404-2077168-8785924,2132876,I'd like to personally help you. Kindly fill in your details here: [LINK] and I'll look into it. ^NR 2/2
206193,164817,Second instance of delivery guy not contacting me at all and pushing delivery conveniently. Had to reorder once/then cancel last,206192,Sorry for the inconvenience. Please provide your details here: [LINK] we will get your issue resolved. ^GU
472273,227477,"really really angry with your drivers, I paid £6 for delivery of my parcel to be delivered yesterday with clear instructions what to do with the parcel if I wasn’t in. Turns out your driver didn’t turn up at all. I needed the parcel for today! Useless",472272,Sorry to hear this. Does the tracking give any info on why it was not delivered yesterday? You can check the tracking by clicking the link: [LINK]
288112,184647,No compensation? means amazon making advertisements of guaranteed PRIME delivery are just marketing strategy only ??,288113,We understand things didn't turn up as per your expectation. Your comments has been shared internally for a review. ^BS
366503,199464,"I really enjoyed the fastival i.e., The Great Indian festival.I had bought some cool gadgets and stuff at the lowest price (1/2)",366507,"Rahul, don't worry! We'll be back with more in store for you soon. 😎 ^MP(1/2)"
1290672,421820,Gracias por vuestra ayuda 😊😉,1290673,Con gusto. No dudes en contactarnos si requieres asistencia adicional. ¡Saludos! ^LG
1344478,433534,service and customer service absolute joke furious 😡😡😡😡😡,1344476,"This isn't how we want you feeling? Without posting personal info, could you tell us what's going on? ^GL"
2330925,158479,Er ya sent me the Uk contact....Im US :P Will contact now.,2330926,If it is [LINK] you can contact here: [LINK] ^PK
1568755,405870,Suspect have over-packaged a teething aid [LINK],1568753,"We're always looking for opportunities to improve! Please, submit direct packing feedback here: [LINK] ^JE"
2889270,236418,kindly reply to my concern...as soon as possible,2889269,"I get your concern. However, the deliveries are mapped depending on the estimates provided. Did we happen to miss on it? Also, please don't provide your order details, we consider it to be personal information. Our page is visible to the public. ^HS"
1604745,492304,Hey .. can you hook a poor fella up with an echo invite pleej 😛 [LINK],1604743,I understand your concern regarding echo invitaion. You may request an invitation from here: [LINK] ^VH
140077,147603,I haven't gotten one even though I purchased it over 4 hours ago. But it shows in my orders. I just don't see why the button when you buy it says that it will come in 2 days and then when you go To check Your orders The guarantee date is 4 days.,140079,You may want to check your junk/spam folder for the confirmation e-mail. I am going to include your message center here as well where you'll find all e-mails sent by us: [LINK] Keep us posted on your delivery &amp; let us know if we can still help! ^KN
558404,250461,"Tô achando q meu kindle ta descarregando muito rápido. Inclusive ontem levei pra universidade,li um pouco,e tava com uns 40% de carga,fui pegar agora e tava com 0%. N era pra ser diferente ?",558405,Olá Vivian! Por gentileza entre em contato com o nosso Serviço de Atendimento no seguinte link: [LINK] ^JJ
721238,292649,Ok ok j'espère que ça va m'aider,721237,Nous restons à votre disposition en cas de besoin. ^SB
359490,201137,". i never saw that option. I was waiting for it. Where does it occur in the setting up process please, so i can reset &amp; *restore*",359492,Let's do live troubleshooting to find the correct steps! Please give us a call or chat here: [LINK] ^TG
384774,207097,I know just bringing it to your attention.... There are some horrid little scammers out there,384776,Thanks very much for highlighting :-) ^TD
1727937,522522,No. The amount deducted was in INR.,1727935,Kindly share your details here: [LINK] we'll reach out to you soon. 2/2 ^AP
1185017,398642,"I don't have Vpn , Yes I have checked and restarted my device [LINK]",1185015,I'm sorry for the trouble with the app. Have you uninstalled and reinstalled the app? ^RR
791538,216940,"Siam. On s'est pas cassées la tête, vu que c'est un siamois mdr",791539,Joli prénom. SB
1140811,388537,Another “attempt” at delivery saying they couldn’t deliver when there are FIVE people at the reception desk,1140813,We'd like to work with you on a resolution for this delivery. Please click here for further assistance: [LINK] ^TH
2236270,280741,"Yep, dés que j'écris ça, impossible d'utiliser la molette sur la page.",2236269,Avez-vous essayé avec un autre navigateur ? ^MA
2533897,721030,"Your service in Brazil is terrible. Suffered a breach on local branch, and after contact the fraudulent sale was not stopped. #help.",2533895,"Hello Andre, we are sorry about this experience. Can you explain with more details what happened? ^DA"
1733926,523625,got a baby monitor as a gift 2 months ago. It was a bought from amazon and it’s now faulty . I need to send it back pls,1733923,Hi Jessica- Sorry to hear about your baby monitor- Was the item sold directly via Amazon or by a Seller on Amazon? ^NV
957560,347203,I guess I received the refund yesterday. Thanks . This was the first time I faced such issue.Usually Amazon is good.,957561,Thank you for sharing the information. Happy shopping! ^GU
421005,215334,reduce the amt of time a customer needs to seek 'amazon help (my foot)' and fill the form again and again.,421008,This being a social platform we would not be able to access your details here. If you've already shared your details (1/2) ^GS
812141,313525,"En España es fiesta por lo que no han repartido hoy, esperemos que mañana esté.",812142,"Por favor, mantennos al tanto. ^CR"
572438,254502,on amazon household why can you not share gift cards!?Or how can I transfer gift card balances from my husbands account to mine?,572437,Give us a call. We can take a closer look into available options for the gift card. We can be reached 24/7 here: [LINK] ^EP
2832823,788654,"3 fois que je commande chez , 3 fois qu'on m'appelle car on ne trouve pas la BAL... aucun soucis avec tous les autres livreurs... un signe que je ne devrais plus commandez chez eux ... 😂😂",2832821,"Bonjour Sophie, navrée pour cela. Rencontrez-vous ce souci avec un transporteur en particulier ? ^MA"
2679344,512965,. por q venden productos como disponibles si no lo están realmente? Soy Prime y ayer debí recibir el mío. Hoy sigue pendiente de envío...,2679339,"Lamento saber que no has recibido tu pedido. ¿Cuál es la fecha estimada de entrega que se muestra en el correo de confirmación del pedido? Además, ¿recibiste alguna notificación informando sobre alguna situación con la entrega? ^KS"
719910,292294,Order # 111-3429688-3628242. Attempted to deliver a broken bottle. Refused to accept. Phone Customer Support does not care.,719908,"Thanks for reaching out. Was this order shipped by Amazon, or a third-party seller: [LINK] ^GG"
1331895,280821,"I received auto reply 'it took 2 to 3 days to reply"" But not get till now",1331896,I'm sorry for the delay. I request you to reply to the email sent to you by the Social Media team for further assistance. ^PJ
1493703,466866,ご丁寧にありがとうごさいます！設定とダウンロードの時だけWi-Fi接続環境であれば問題ないのですね。,1493705,はい、さようでございます( ˊᵕˋ ) よろしければkindleをご検討くださいませ😊 HM
2438434,636830,Thanks again quality job as always.... I love being a prime member (/sarcasm). [LINK],2438432,I'm sorry to see that your order arrived damaged! Have you reviewed your return options here: [LINK] You can also leave packaging feedback for the order here: [LINK] ^JS
580667,256797,すっかり解約したと思ってたアマゾンプライム会員費が引き落とされてたので一年は楽しむしかないな,580666,失礼いたします。意図せぬ更新のご様子ですが、よろしければ引き続きプライム特典をご活用いただけたら幸いです。[LINK] なお、次回更新をご希望でない場合は、こちらのページより設定の変更が可能です。[LINK] RI
2818535,458660,I think the network knew the movie was just that terrible... But yes restarting helped. [LINK],2818534,Glad you're able to stream. Let us know if we can lend a further hand. ^DO
2103006,559518,"my order, that was supposed to be here today, is literally 10 mins down the road in your Maidstone depot but the delivery estimate is up to the 13th!? Can I collect?",2103004,Unfortunately the option to collect is unavailable at this time. Can you let us know what the tracking says now? ^KI
2734228,766350,Not at all. She blew my off,2734226,"We expect a better experience than that if you ever need to contact us! To help us continue to improve, please provide some feedback in the follow up e-mail survey sent after your call. This will be reviewed by direct leadership! ^CS"
1195157,400849,え？また？？？ Amazonからメールこんくて まだ払ってないけど？？？？ は？？？？ これは戦争かな！ いつになったら手元に届くん！ いらいら！,1195156,お支払い番号が記載されたEメールが届いていない状況でしょうか？アマゾンが発送する商品の場合、お支払い番号は商品が出荷準備に入りしだい発行されます。詳しくは、こちらのヘルプページをご参照ください。[LINK] YM [LINK]
876270,328039,It says it's on its way for delivery today but just checked emails &amp; have 1 saying there may be a delay - allow an additional day or two?,876267,"Thanks for confirming! We want to be sure. If you don't receive your order by 21:00, please let us know. ^HC"
1393996,444190,Ur team has closed the case without a justification. on 21st Oct eve. we wer nt even there in Pune. Our house was locked! They don’t listen!,1393997,I totally understand your concern and I'm sorry for the ordeal. Please reply to the same email for further updates. ^HA
604984,263811,Sent you the details. Hope this helps resolve the issue at the earliest,617050,Thanks a bunch. We shall do our part and reach out at the earliest. ^CB
682523,215297,"But still my Q n ur ans remain Same! isue nt resovd.!Item rchd Bangalore also near by hub 19th itself, stil hw mny days req 2 handover??????",682524,"I get your disappointment, Mahesh. Request you to respond to the correspondence that was sent for further assistance. ^NK"
226156,169995,Can you at least arrange for delivery asap since it has reached local center?,226157,"As mentioned earlier, the order will be delivered as per the delivery estimate. We request you to wait for the same. ^RB"
546466,247067,is there a way I can cancel a order that ship but never arrived on the guaranteed day delivery?,546465,"Hello, Jimmy! We'll need to look at the order details. We don't have account access through Twitter. Please reach out to us here: [LINK] so we may further assist. ^RO"
522596,240711,"Yes, it said Friday, December 1st in the email. Sometimes the delivery trucks run late where I live, but the last check in was at around 5:30pm today in Portland, Oregon, and I live 300 miles East of there so I'm not entirely sure if it is even in town out for delivery.",522595,I'm sorry for the wait! Which carrier was assigned to the order? You can check for this here: [LINK] ^BH
2827982,787643,Amazon Prime Now saving my life while I’m working from home. All the Doritos and Diet Coke. 👌🏼,2827981,We've got your back ❤️ ^TI
2627675,742156,#Amazon logistics. Great toss! [LINK],2627674,"I'm so sorry for how your package was delivered, June! Please send us further details so that my team can look into this: [LINK] ^AB"
2171911,369656,"Cl is not concting says "" hum apke order ko dhundne main asamarth hain"".What should I do now?It's been so long.Shame on ur customer service",2171913,We would like to help you. Please share your details with us here: [LINK] We'll get in touch shortly. ^CB
588714,259144,Delivery delayed again. From Friday to Saturday to Sunday to Tuesday!! WTF???? (whatever happened to Monday). I think that Amazon “jumped the shark” with these “contracted” delivery services. #PeevedPrimeMember [LINK],588713,I'm sorry that there's been another delivery delay. We'd like to have our Logistics team review the order. Please provide the order number: [LINK] ^MG
1368124,438495,"I preordered something that was released today, but my pkg won't be here until Tue... the item is avail for 1day Prime shipping",1368126,in check out. You can learn more about our shipping rates here: [LINK] ^HC (2/2)
1646795,288310,My order Id 408-1709658-7041962. Reply ASAP,1646794,"We're sorry about that, Kishan. Please contact us here: [LINK] so that we can assist you accordingly. ^SM (1/2)"
452005,222203,bonjour si je commande demain chez vous le colid est livre samedi ? Et par quel moyens je sais qu'il arrive ?,452004,"Bonsoir, Vous recevrez un e-mail quand l’article aura été expédié. ^MD"
2515834,716686,UPS. UPS says it is on Amazon.,2515836,Thank you for the update on the carrier for your order. Do you know if the order itself was fulfilled/shipped by Amazon or a third-party seller on Amazon? ^GM
38821,120932,"Hi, still awaiting the refund. It shows we will initiate the refund once we receive the item. In 15 days, the charger could reach anywhere on the globe. Don't know how did the seller didn't receive it yet. Please check.",38822,"I’m extremely sorry about this experience, Vrushank. I'd like to take a closer look into this. Please share your details here: [LINK] and I'll get in touch with you. ^MK"
605002,263815,"There is no resolution so far.. it’s been already reported, Ctct me. 9741366243",605000,"Also, please don't provide your account details, we consider it to be personal info. Our page is visible to the public. (2/2)^SF"
2124933,542618,Come on . You didn’t deliver my package last night and now I have to wait another day to get it? You can’t resend it out today?,2124932,I'm sorry to see this! Please keep us updated if you have not received your order within the newly appointed time ^WM
431100,217510,"If I pay for a service, I expect it to be fulfilled. I don’t expect to be pissed about like this. Where is my parcel.",431101,I'm very sorry for the disappointment! Can you let us know who the carrier for this order is? We want to help! ^SD
2516987,312323,No. It's still saying expected by Nov 14.,2516988,Sorry to hear. Please reach out to us directly here: [LINK] and we can take a look into this further. ^PK
2418503,694899,It's been all over the board. I'm not even as upset about the shipping delay itself (anymore) as I am about how customer service just repeats information to me that I already know. What's the point of me contacting customer service if you can only tell me what I already know?,2418505,"I definitely understand your frustration, Kristin! We are always looking for ways to improve. Please tell us more about your experience in the survey e-mail you received after the phone call. ^HM"
384142,206990,めちゃくちゃわかりづらい。 そもそもチェックボックスに勝手にチェックしてるのがおかしい。 そう思わないですか？,384144,当サイトのご利用に際しわかりづらい点があり、ご不快な思いをおかけいたしましたことをお詫びいたします。ご指摘いただいた点につきましては、今後の改善点として社内へ報告させていただきます。 SM
586906,258595,Amazon.it ritiene che questa recensione non sia pubblicabile. Perché? 🤷🏻‍♂️ #confetti #buratti #grossissimi [LINK],586905,"Ciao, da Twitter non ho modo di verificare sull'accaduto. Se non l'hai ancora fatto, ti consiglio di contattare il nostro Servizio Clienti cliccando qui: [LINK] ^ZC"
649613,267737,None of the items are in cancelled orders.,649615,Have you checked your order: [LINK] It should show the items currently listed. I also recommend checking your e-mail for messages regarding canceled items: [LINK] ^RA
1446401,455627,delivery has become crap offlate. Product wasn't delivered bt I gt a msg sayng product delivered. Good thing i called up CC asap,1446399,My apologies for the order. Was the issue resolved when you reached out to our team via phone? ^KS
553382,249058,I’m literally so mad i ordered a gift for my friend on nov 30 with amazon prime and it said it would arrive TODAY Dec 2 on her birthday and now it says tomorrow Dec 3 AFTER her birthday 😤this is not right at all i demand something done.,553381,I'm sorry to hear there has been a delay and any inconvenience this has caused! We'd like to look into available options with you by phone or chat here: [LINK] ^KJ
427061,216575,I think you can't understand English. There is no option available for No cost emi. Than y u sending me this. #PoorResponse,427062,"No Cost EMI is available for specific tenures on select products, sold by participating sellers.^NS"
424051,215946,I have filed a fraud/dispute case and my card is blocked now. I am expecting an answer for this from 3/3,424050,Are you seeing any charges on your [LINK] account here [LINK] ^KM
1604138,492220,"I just made a payment, the site says there was a problem with payment but I got a msg saying order is confirmed. Can you tell me if it has been or not?",1604137,We'll look into it. 2/2 ^SB
1768776,531782,Jueves 7 de Diciembre... jajaja pero es que por lo común el paquete lo han enviado el mismo día que compro 😔 (con el envío gratuito),1768778,"Comprendemos lo que nos dices Rodolfo, sin embargo, este pedido en particular requiere más tiempo para ser procesado, por lo que agradecemos tu paciencia, descuida que pronto recibirás tu pedido. ^CB"
2269166,660331,Non potete GARANTIRE una consegna in 24 ore e poi trasformarala in 4 gg lavorativi. Siete scorretti. E non è la prima volta!,2269254,L'articolo era venduto e spedito da Amazon? ^GA
1666634,507698,Amazonから不良品のお届けです,1666633,ご迷惑をおかけしております。商品に問題があった際には、発送元がアマゾンの場合、交換・返品が可能です。[LINK] なお、発送元が出品者の場合は直接お問い合わせください。[LINK] SM
662724,277894,そういうことだったんですね！ ありがとうございます。^^,662723,とんでもないです。どうぞよろしくお願いいたします(*´ω`*) SK
1371382,439218,Have tried it on both versions can't seem to find it on either of them,1371381,That's odd! Have you updated the app to the latest version? Have you cleared the cache and cookies for your browser? ^HM
1225201,407437,i am having issue with my order call me on 9717552841 order placed by __email__ call me urgently,1225202,We do not have access to your account details over Twitter. Please fill this form: [LINK] (1/2) ^JS
757718,301082,Done.. plz resolve it ASAP. schedule the pick up tmrw,757721,Thanks for the confirmation. Our team will get back to you with an update soon. Request you to wait. ^NK
1517740,472124,Their c/s rep says they should have left a slip but we didn’t get one. We are having issue with usps not delivering to our new address,1517743,Was USPS able to resolve the issue and reschedule the delivery for you? ^ZW
783400,306987,"Done!! What else. ? Called customer care 8 times , mailed twice. Should I write a postcard now? should be disappointed in u.",783399,shall connect with you soon. 2/2 ^SH
1515313,471571,j'ai attendu jusqu' à 19h pr voir s'il allait passer. Habituellement on reçoit un mail /SMS notifiant l'heure de passage. Là rien.,1515316,"Je vois, veuillez signaler ce retard à notre SAV en utilisant le lien suivant: [LINK] ^FT"
1919970,571586,"Si,he hablado con ellos y me han dicho que han puesto una incidencia a Correos Express",1919971,Entiendo. ¿Te indicaron un tiempo estimado de respuesta de ? ^LG
323303,192996,Hey its pathetic that being a PRIME customer my pickup has been cancelled 2 times ORDER 406-3743247-3668349,323305,"Also, please don't provide your order/account details as we consider them to be personal information. ^HK"
1499883,468218,I have - countless times. There are already FOUR cases open on my account on this one issue! My account is __email__,1499882,Please do not post your email address online. The link take you to the Amazon.de Social Media Team ^AN
469373,226773,pls add DTH recharge also in Amazon Pay !!,469372,We're keen on improving and adding new features to our services. We've noted your comments and we'll surely forward your feedback internally to be worked upon. ^SY
922581,339007,So messages you if the prices of items in your cart has decreased but not when they've increased. Valid reason ?,922582,"Hi, the prices on our website are determined by our sellers. And we keep updating our prices as per the data we (1/2) ^HD"
25253,121460,The delivery deadline was yesterday,25255,Have you contacted the seller? ^MC
871211,326835,não lembro minha senha e não consigo recuperar pq esqueci o P. O. Box!,871210,"Oi Mic, por favor contate-nos neste link: [LINK] para assistência. ^LG"
2279382,662704,"es wär total cool, wenn man auch zeitschriften bei euch kaufen [LINK] sowas geplant?",2279381,"Hi, derzeit kann ich dir nur e-Magazine über Prime Reading empfehlen: [LINK] Deinen Wunsch leite ich sehr gerne weiter. Lieber Gruß ^SI"
282176,119965,team my ordered product not delivered yet...,282174,Apologies for the unpleasant experience. Kindly reach our support team: [LINK] We'll have it checked. ^GS
2718029,594950,"Not sure there's much point,I don't think there's anything else to add. There's been 36 deals (and that's just the ones i was watching) cancelled so far today. Pretty infuriating tbh",2718030,"Hi Caz, sorry to hear that your watched deals were canceled. Apologies for any disappointment. ^TI"
421198,181479,Another failed attempt st delivery and the number given by you of the agent incorrect. Problems still oresists! Shameful,421199,Kindly revert to our email correspondence with further query on this and we'll be happy to take it over from there. ^AB
349990,199271,"No, the call center number is automatically disconnecting after IVR. And telling to login Amazon site. Please look into this issue.",349992,That's odd. Please connect with us using the chat/email option through the link provided above &amp; we'll get this checked. ^HD
210456,165812,And what is the explanation for pics I sent before?,210457,"to offer you the lowest price, may result in fluctuations in our prices over time. (2/2) ^VM"
390381,208422,Instead of wasting time in replying yiu guys could have checked status and resolved the issues.,390383,"I understand your query, Please provide us your details in the link provided earlier so that we can assist you better. ^GU"
1043206,366694,Query not resolved. Your team is also very rude in talking to customers.,1043208,here: [LINK] &amp; I'll look into it right away. 2/2 ^EM
2976492,820890,"I have not. Order details say “shipping now” but when I click “Track Package”, I just get that message that says my package was supposed to arrive today",2976494,Oh no! We'd like to check available option for you. Please reach us by phone or chat here: [LINK] ^LH
485330,230468,"It seems like all those links are for users needing product support, is there not a page just for general feedback?",485332,"Hey, Jason. When we receive the e-mail, we'll flag it appropriately in our system. I'd select 1. Devices, 2. Cloud Cam; Promotions &amp; Deals, 3. E-mail. Just be sure to mention that you're submitting feedback on the Cloud Cam and we'll do the rest! Thanks! ^LB"
954977,346583,The order due today has arrived but not the one that was due between 6 and 10pm last night. I asked the driver he doesn't have it. Not happy,954978,I'm so sorry it hasn't arrived! Were you given an updated delivery date or notice of delay for that shipment? ^ZW
1777960,534205,Amazon delivering packages today at driveway. Didn't bother putting by front door or behind brick wall. At least they didn't get stolen. Guess they are trying to get everyone to get their home access kit installed. Glad I saw them before it was dark. [LINK],1777959,I amsorry about that! A member of my team would like to look into this with you. Contact us here: [LINK] ^LS
24524,121288,"it is really sad to know that you ppl sell lots of book online, but don't give one bookmark also with books.",24523,"Although we try to include bookmarks with several book orders, you may not receive it for every book. (2/2)^SF"
2291375,665503,Amazonプライムの最高さに気づいてしまったかもしれない…,2291374,ご利用ありがとうございますΣd(*`･∀･´*) SM
2935868,811662,. you just charged me for a year's prime subscription without reminding me beforehand 😢,2935867,"We are sorry for the inconvenience, have you checked this info [LINK] ^VL"
1125142,332756,"I specified Saturday, and the courier company tell me you told them 48 hours. Which they have interpreted as Monday.",1125143,"Apologies for the trouble this has caused, Henry. Please let us know if the tracking doesnt update on Monday to confirm that it's out for delivery.^CN"
817593,314737,It says I don't have a prime membership?! So I don't understand why you've taken £80 from my account?!,817595,Please reach us directly via phone or chat so we can take a deeper look into this with you: [LINK] ^CL
946578,344466,Muchas GRACIAS,946580,Con gusto. Estamos para brindarte asistencia cuando lo necesites. ^LG
848251,321584,"Hello Amazon, I have a delivery issue I need to raise with you. Thank you.",848250,"Hello, how can we help you today? ^CR"
1225709,386599,I need someone in corporate to call me immediately!!!! #AmazonCSRarePoorlyTrained,1225708,"Sorry that we let you down! Without divulging personal details, please let us know what happened and how we can assist! ^JD"
111951,140863,Je parle de chèques cadeaux autre que Amazon.fr . Est ce que cela reste possible ou non?,111949,Cela n'est pas possible. Seuls les chèque-cadeaux Amazon.fr peuvent être utilisés sur notre site. ^MD
1756519,528901,how can I get in touch with an Amazon rep about an order? Seller has ignored emails on an undelivered pkg for a month now. Thanks,1756518,"Sorry for the trouble with your order, Lisa! You can reach us directly here: [LINK] for real-time support! ^VB"
444252,220245,Lol!It said guaranteed 1 day delivery 4 the same pin code.See screenshot.Same issue keeps repeatingJust cheating in name of prime [LINK],444254,Could you please confirm if the order was placed within the 31 minutess of the time frame given on the website to get it for 1- day delivery? ^SC
2306114,669039,Claro. Pilares para uma vida saudável [LINK],2306113,"Nana, me diga, você está tentando comprar o eBook desde o seu computador ou desde o aplicativo? ^HC"
421381,306601,Care to explain what is your ATOZ Guarantee program refunds only 50% of total amount ??,781628,"Once a claim is filled and a refund is issued, it would be followed by an email with all the details. Kindly refer. ^EM"
1050683,368298,Can u plz ask Mr. Amit &amp; Mr. Akhil to check their official emails. I have shared a horrible purchase experience with them.,1050682,"We're sorry about your experience, Saurabh. Could you please elaborate on what went wrong so we could check right away? ^HK"
876232,266606,"Yes. Ontrac again has failed to deliver my package. They are the only carrier I consistently have this problem with. And now it says next attempt will be ""next business day"" aka Monday, a full 3 days after it should be delivered.",876231,"This isn't what we like to hear! When you have the chance, please reach out to us here: [LINK] ^HC"
2335813,206718,I am reverting them back from yesterday but they doing is making false promises hate your site seriously,2335814,we have happened to miss the estimated delivery date? 2/2 ^SB
2283982,618312,"I am not entirely sure when it will be delivered. Was Sunday, then today, now has a delay notice. 936128__credit_card__",2283984,Oh no! Have you had a chance to reach out to the carrier? They may have further insight into the delivery. You can find their contact information here: [LINK] ^AB
1528695,474603,Kindly Initiate my refund ( Order# 404-5601798-1873905) and unblock my number 7376508317.,1528694,"I'm sorry about the trouble with the refund. We'd like to help, kindly share your details here: [LINK] 1/2"
1044940,367055,"La belleza 💙 Daytime shooting star 🌠 de y mi crush Mamura 😍 eso sí, enfadada con por los daños en la cubierta 😠 [LINK]",1044939,Sentimos lo sucedido. Si lo deseas puedes verificar las opciones disponibles aquí: [LINK] ^JD
2311992,412851,"(Seriously, thank you for always being awesome . Your entire customer service department is wonderful.)",2311991,"You are, as always, incredibly welcome! We are happy to help! ^BE"
1537467,476641,Any return policy applicable on it?,1537466,You may request a return/refund here: [LINK] ^NR
2741832,358628,left my parcel in my garden all day and its soaked and ripped. BRILL🙃,2741830,Oh no! That's not what we like to hear at all! Please give us a ring here: [LINK] so we can get this sorted for you! ^TR
2111059,509289,"Completely agree with below, plus I still don't have my prime enabled even after 8 days. Also, how prime music working in India? Was told US marketplace selection is the culprit for prime not getting enabled! [LINK]",2111058,I get you're upset with us. Could you confirm sharing your details in the link provided here : [LINK] ? ^AS
2499178,713073,"Le transporteur c'est Amazon Logistics. D'apres le site Amazon, il est en transit depuis le 7 novembre. Quel est le lien pour le site d'Amazon Logistics ?",2499180,"Désolé pour cela. Dans un souci permanent de qualité et d’efficacité, je vous invite à nous communiquer le numéro de suivi de votre commande. Vous pouvez également le signaler à notre SAV via le lien suivant : [LINK] ^MA"
275569,181821,That's fine. You please cancel the order,276200,We request you to contact us using this link: [LINK] so we could help you cancel the order.^RS
2665588,120538,"my review not posted coz I hv told the ri8 things they only need me to praise their products, u should rename d review to praise",2665587,I appreciate your understanding in this regard. (2/2)^HR
753476,300085,"hello , j'ai commandé un colis, je suis censé avoir un avis de passage dans ma boîte aux lettres et rien, et mail + sms me disent",753475,"Bjr, je suis désolé d'apprendre cela, avez-vous vérifié sur le site du transporteur avec le n° de suivi du colis ? ^RA"
694447,138679,"Dear amazon, I was about to buy a product with you and when I checked it out I suddenly, without any consentment had amazon premium activated. My question is, can I cancell it now and avoid d premium charge next month? Or anytime if I'm not satisfied? thank you",694445,"Hello Oihane, yes, if you do not want to continue with the Amazon Prime subscription, you can cancel it anytime you want, here: [LINK] and you will not be charged. Hope this helps! ^LG"
21586,120701,"order Id: 171-0365118-2187508. Stop fooling around and deliver the package, and I want compensation for your delivery agent being rude to my wife, and trust me this is not the first time this is happening..I want a resolution",21588,Apologies for the unpleasant experience. Please contact us here: [LINK] &amp; we'll take corrective actions.(1/2)^BS
2488517,710672,"The only solution as per the supervisor was to cancel the order and refund my money, that's after me calling twice and spending my time",2488519,"I understand. Thank you for letting us know! Although it may not be the best solution, I'm glad we were able to find one for you. Please keep us updated on the refund. We want to make sure you receive it. ^AL"
932267,340721,Amazon is a liar,932265,I'm sorry about that. Have you reported this to our support team here: [LINK] for assistance? ^GD
2881942,577901,C'est normal que j'ai été débité d'un montant pour un non retour alors que le remplacement était du a un colis non livré pour cause d’endommagement ?,2881941,"Bonjour, je suis sincèrement désolée d'apprendre cela. Étant donné que vous n'avez pas reçu la commande initiale, je vous invite à contacter notre SAV pour demander le remboursement de la somme débitée par erreur. ^FA"
857824,323710,please give me a resolution my money is stuck somewhere with Amazon pls help order 404-2396392-7886725,857823,"Please don't provide your order details, we consider it personal info. Our Twitter page is visible to public. ^NR 2/2"
1748925,453422,Your drivers need to use the LuxerOne lockers to securely deliver packages in my building are they are not. Please enforce this.,1748923,I'm sorry for the poor delivery experience! We'd like to help! Can you confirm who the carrier is: [LINK] ^ME
1237614,410309,Having a very bad experience with an unexpected order cancellation...can you help? #frustrationisreal!,1237612,"I'm sorry for the bad experience! Without including account/personal info, will you tell us more about what is going on? ^SD"
1689733,513009,Q80664096394 Amazon shipping. Has now updated to say delivery tomorrow. Really not happy. Ordered for today for a reason,1689735,"I'm sorry for the disappointment, Paul. We'd like to look into this via phone or chat here: [LINK] ^BL"
1209497,387916,From past 3 days you guys are Appreciating my patience only. Take some action and provide some result,1209499,"Kindly reply to the same, we'll look into it and get back to you. (2/2) ^MO"
530790,242938,"Hey guys, just buying this for my 6 year old and I see where you categorized it!? I guess I'll read it first then!? #fail [LINK]",530788,"Hi Paul, thank you for making us aware of this, we have notified our team about this error to get it fixed.^MA"
1496986,467554,"Ah ok, espero si sea por algo así, solo me preguntó si estaba en mi domicilio para entregar el paquete, espero no tarde para poder salir",1496984,"Comprendo. Por favor mantennos al tanto de la entrega de tu pedido, Miguel. ^LG"
2849122,792295,"Si, amazoncash",2849124,"Hola, Mabel. Te recomendamos revisar la información que aparece en este enlace acerca de cómo funciona Amazon Cash: [LINK] ^CB"
1344545,433546,"Done, filled the required info, awaiting your actions",1344546,"Thank you for sharing the details, Vrushal. We'll check and get back to you shortly. ^BA"
1048182,364853,call me on 9899273640 right now.it was my first worst experience with u....,1048181,"order details, we consider it to be personal information. Our page is visible to the public. (3/3)^SF"
478602,228705,"When a Christmas present I ordered from is left outside the door all night, had no idea until I answered the door this morning 😑",478600,"I'm sorry to hear this Priscilla, was there any damage to your order?^PJ"
1840785,551665,"Hi , Thanks , but is there any offer other than Cash Load ..",1840787,All the offers available on our website are mentioned on the link given earlier. Check the same for more info. ^ZH
1080696,374934,fix your jobfinder website. thanks,1080695,"We'd like to help, if possible. Are you seeing an error? Please let us know more about what's going on. ^BH"
1509342,470169,Refund proceed successful thx,1509343,You're welcome. Thanks for keeping us posted. ^GK
2685364,755219,any idea what's going on? Kindly help! [LINK],2685365,"Sorry for the delay in delivery of your order, Vedant. We'd like to take a closer look. 1/2 ^HD"
2838569,789983,Meu livro que comprei na Black Friday já chegou!! Eu tô feliz e arrependido com tantos livros não lidos se acumulando.,2838568,Olá Rafoinha! Ficamos felizes de saber que você recebeu o seu pedido!😁 Imagina! Você vai ter muita felicidade na sua vida!😆📚📚❤️ ^HC
998212,356370,There was an scratch on a product. That was inappropriate?,998214,"We can't judge that. However, I'll ensure to share your comments internally for a review. ^CB"
2858250,794331,"...and if he couldn't deliver in the morning because it was an office address, why did he try again but this time in the evening?!?! Crazy!",2858252,Please let us know when you speak with the supervisor tomorrow! We'd like to make sure this order is reviewed. ^DD
392655,208985,Cuándo podrá verse la 4º temporada de Transparent en ?? Gracias,392654,"Aún no contamos con esta información, las novedades serán anunciadas en el Sitio Web. ^VL"
1289727,122220,Dankeschön für die Information ! Schönen Feierabend den ;),1289728,Den wünschen wir dir auch! ^BL
470851,227103,why cancel this order without reason.. ORDER # 406-9555285-6474713,470849,"I understand your order was canceled. You must have received an email correspondence with the reason of cancellation here:[LINK] Also, please don't provide your order details as we consider them personal info. Our page is visible to public. ^PB"
34552,123487,Order is dispatched yet Prime not activated.,34551,"Please do not worry, you would receive a confirmation mail soon on the prime activation. Appreciate your patience ^BS"
594608,116244,When will I get this refund. No sign yet of my money. How long will it take.,594607,"Hi there! Refunds typically take between 3 and 5 business days to process, depending on your bank's processing speed. If it has been more than 10 business days, please reach out via phone or chat for further assistance: [LINK] ^SP"
388382,207910,I think 40 or 45 in total... I should check on the account for the exact number,388381,Hi there- Were the items all sent together or in separate shipments? ^NV
325439,193519,"thanks - before taking any decision , pls call me",325441,"I've forwarded your request internally, we'll get in touch with you soon.^RS"
1525026,473704,"This link doesn’t work, I’ve attached the order. [LINK]",1525027,"(2/2) If you don't receive it soon, please let us know! ^SB"
561646,251432,"I’ve been told it’d be delivered Wednesday, Thursday, Friday and now tomorrow. DM me [LINK]",561648,We be happy to assist via DM! Please like the AmazonHelp Twitter and click on Message so we can talk! ^AD
2962661,817520,en cours de livraison depuis 19h42,2962659,Quel est le transporteur de votre colis ? ^MA
728804,294576,Zwei Kinder drei Alexa aber ich kann nur ein Musikdienst hinterlegen für multiroom. Aber ich möchte unterschiedlich. Oder geht das.,728806,Schau doch bitte einmal hier: [LINK] Hier sollten alle Fragen beantwortet werden. Liebe Grüße ^DW
2472456,590555,ho ricaricato il mio account con 80€ però non mi è stato accreditato il bonus de 8€. [LINK],2472455,Hai seguito la procedura corretta cliccando sul pulsante giallo presente in questa pagina: [LINK] ^CS
96733,137110,So I've never had drop the ball on my Prime 2-Day shipping. Today that changes. I will get at least one package a day late. Oy.,96731,We'd like to help! Have we missed the delivery date stated in your order confirmation e-mail: [LINK] Please let us know! ^KJ
1676632,204455,"I already replied several times no use, you guys are just wasting my time.cuatomer care also just spending the time and telling liies.",1676633,"We want to help you, hence you need to reply to the email which is sent by our team, so we could get in touch for assistance. ^RS"
2265452,659448,I had filled the form,2265451,We've received your details and we will reach out to you soon. ^GK
2623611,741174,"necesito ayuda para encontar mi pedido, no lo encuentro en mi cuenta. Podemos hablar por md?",2623610,Hola. Claro. Puedes escribirnos por mensaje privado a través de la opción que he habilitado debajo de este mensaje. [LINK]
1327797,429788,Ordered DDR4 ram laptop recieved DDR3 (good price difference) fooling customers who bought product!,1327796,"We're addressing your query via DM, kindly take a look. ^MS"
280159,182728,"I ordered return of order-id:171-3922605-5090734 on 22nd Sept'2017, but the return hasn't happened yet. SHAME ON YOU, Full of SHIT",280158,Please don't provide your order details as we consider it personal info. Our twitter page is visible to public. (2/2)^CB
477773,228169,si grazie! Appena finito di parlarci in chat,477772,"Perfetto, se hai necessità siamo a disposizione. 😉 ^BC"
373311,204459,A porch pirate stole my amazon package filled with dog stuff. I hope you have a dog lol and make good use of it 😂,373308,I'm so sorry to hear your package is missing! We'd like to look into available options with you here: [LINK] ^EP
810236,313060,"Spoken to cust service twice today,lovely ladies but delivery service is shocking! Express instructions ignored-package given to neighbour!",810238,I'm so sorry for the poor delivery experience! I hope we were able to get feedback submitted when you spoke to us! ^KN
1031732,364127,"Bonsoir, oui il est marqué livraison gratuite devant le produit sauf que lorsque je veux passer commande, j’ai une livraison de 16,47 ?",1031734,Je présume que l’adresse de livraison n'est pas en France ! ^RA
120239,142692,ハニワのアニメがAmazonプライムでやると聞いたんですが、まだ配信ページってできてないんですか？？？Amazonプライムのことよくわかってなくて、、どうやって見るんですか！？！,120240,"(1/2)配信ページはこちら＞[LINK] プライム・ビデオはAmazonプライムにご登録いただくことで特典としてお楽しみいだだけます。(開始から30日間無料お試し、それ以降は年会費3,900円または月額400円で選択)MH"
29994,122598,"of no use dear Amazon, please change ur delivery partner as delhivery everyone in my city is pissed of with this service [LINK]",29995,"Sorry to learn that you had issues with our courier partner, I'll forward this feedback internally and we'll look into it.^SU"
2889362,801098,Make available more Kannada films we are awaiting,2889360,Regional content is an integral part of our content in India. Please stay tuned as we expand our content selection. ^AM
1452433,457069,"Why would an item not be left in the ""Safe Place"" details provided? Just had a misdelivery notification &amp; need the item ASAP!",1452432,I'm so sorry. Please let us have a look into this and go over options: [LINK] ^DO
1496010,467339,"Apparently the call was intended for a query on my girlfriend's account, not mine, as we have a joint prime account.",1496011,"Thanks for the update, please let us know if you need anymore help! ^JJ"
1217500,405685,"Sì, hanno stornato l'importo Peccato che per riordinare solo quelli debba pagare le spese perché sotto i 50€. E il corriere è stato pessimo.",1217502,"Daniela permetti a me e al mio team di effettuare una verifica, clicca qui: [LINK] e inserisci i dati richiesti. ^MZ"
1497275,119624,Jaya janaki nayaka full movie upload bro,2110983,TV shows we have available. (2/2)^SU
2807340,782941,When you get the shipping notification 10 minutes before your package is supposed to be delivered. #primefail,2807338,"That is odd! When you check the ""Track Package""option in your order history does the shipping status agree with the notification you received? ^CH"
321163,192512,Ich höre jetzt Verschwörung von David Lagercrantz und bastel dabei die ersten #Weihnachtskarten,321162,Der frühe Vogel fängt den Wurm! :-) Gutes Gelingen und ganz viel Spaß! Gruß ^AK
1137293,168215,wrost customer services .. not connecting my call to executive . have u closed call services ??? call me back,1137289,You may request an immediate call back from us here: [LINK] Keep us posted if you see any error. ^HK
1798894,540519,3 times this week my parcel has been returned to depot without explanation. £5 compensation &amp; still no parcel,1798892,Oh no! I'm sorry that we didn't deliver your parcels! Please contact us here: [LINK] We'll be happy to help! ^FR
2353871,680141,"An logistics driver delivered 2 parcels today and we weren't in, so he left the parcels in our BBQ in case it rained - genius! Much better than Hermes who throw them over the back gate what ever the weather. Thanks!",2353870,Thank you for sharing such a great experience! We do our best to make our customers happy! ^ZW
297313,186821,From escalating to Amazon Leadership Team on Sept 24th till replying to all emails from till now-Nothing has happened.Hopeless,297312,We've escalated the issue to the concerned team to have this checked. I request you to please wait for an update. ^NR
1592075,489395,Amazonプライム最高🐥,1592073,|・`ω・)ﾁﾗｯ 最高ですか？ Amazonプライムのご利用ありがとうございます。プライムをお気に入りいただけてるようで、嬉しく思います！ 引き続き、Amazonをよろしくお願いします(o*。_。)oペコッ TY
1718102,520221,Yeah I’m in my house and my Wi-fi is saying it’s at 80mbps. I’ve never had this issue b4 and don’t have it for any other apps like YouTube,1718104,How weird! Have you tried removing the app and re-installing it? What about doing a reset to the phone? ^MH
320615,192391,Thanks a ton. The problem is resolved. Happy to be a Amazon customer. Cheers,320616,"You are most certainly welcome, and thank you for reaching out to us today. We're here to help if you need us. Happy shopping. ^VN"
141973,148040,"Hi. My order (#303-2872524-2064335) mysteriously cancelled itself a few seconds after I placed it, and having just tried to reorder, the product is now twice as expensive. Can you please reinstate the original order or reduce the price so I can buy again? Thanks.",141972,Here on Twitter we don't have insight into the order. Please reach out to our customer service: [LINK] Kind regards ^UK
1936523,576137,Where’s my amazon parcel 💔💔💔,1936522,What is the delivery date and current tracking information showing for your order? [LINK] ^MW
2885713,800372,Yo me and my friend and ordered underwear a month ago and it is yet deliver be quick we have no undies left,2885711,"Sorry to hear about the delay, what does your tracking say? You can find the tracking here: [LINK] ^MI"
191531,161020,Ive been waiting for my TV for a month! None of your Cst svc members could help and wanted me to pay more to get it fm anti vndr,191530,I'm sorry for the wait! What was the estimated delivery date provided at checkout? Did this date change? ^JO
1438543,320346,I appreciate the update on my order but is there a way to know why the date has been moved? Others have received their copy :(,1438541,"Hi, have you been sent any emails with an update on the new date ? Have a look at your spam/junk folders. ^CR"
197977,162537,I have shared the details twice. Have you all gone crazy. Such service to a prime customer. Please initiate refund,197976,Apologies for the confusion. We've received your details and we'll reach out to you with an update at earliest. ^SV
2485654,226779,please refund my money.. recharged for talk time.. you gave me data.. which I don't want.. It's going like.. I ordered and paid for pizza.. and you are serving burger of our own wish..😡😡 don't cheat us like this.. Return my money back.. [LINK],2485651,I'm sorry about that. Kindly reach out to our support team here: [LINK] and we'll look into it. ^GD
1916260,127739,Got this is a separate package. So it just looks like the fitbit items were either not packed or misplaced? [LINK],1916262,"We have many fulfillment centers across the U.K, and items in your order may be in stock at different centers! ^DD"
1004568,357772,"Bonjour, j'ai un gros problème là avec ma commande d'amazon coins et de la réduction black friday. Serais-ce possible d'en discuter en MP ?",1004567,"Bonjour, Je suis désolée pour cela. Avez-vous contacté notre SAV pour leur faire part de la situation? Vous pouvez me répondre directement en message privé. ^MD"
928364,340277,I purchased a gift card online with a promo code for a bonus 15.00 code back. I didn't receive the code and I was given 3 different answers.,928366,"Are you able to link us to the promotion? When you spoke with us, what information or insight was given? ^KP"
2504980,358475,"Oh yes, said call centre staff, a manager will call you back within 24 hours. And did they? Did they f*ck. Is this how it's meant to be ?",2504979,"I'm very sorry for the poor experience. I'd like for a specialist in my team review this for you. Whenever you have the time, please tell us more here: [LINK] We'd be happy to help! ^SK"
592088,260121,"Item was delivered not in a box, so you could see exactly what it was, ruining the surprise",592086,"We never intend to ruin the surprise! If packaging is available for your order, you can select to ""Ship in an Amazon Box"" or mark as a gift at checkout. For more information about our frustration free packaging, you can visit here: [LINK] ^VF"
179513,158284,"Last mail received, yesterday only at 3:25 PM",179511,Reply to the same and we'll get back to you with further updates regarding your issue. Appreciate your understanding. ^ZH
2032892,264061,"conversation between us, and it's been 7 days till no solution found and you guys have used this paitence message more than 20 times. So is this justifying your way of work?? Yesterday only gone to office and got this from will surely fill and submit tomorrow [LINK]",2032893,The resolution provided to you over email is the best we can offer at this point in time. I request you to kindly wait for an update from our team. Appreciate your understanding. ^HR
470077,226919,Gracias por contestar. Pero me acaba de llegar ahora mismo. Un saludo,470079,Nos alegra que hayas recibido tu pedido. ¡Que tengas un buen día! 😉 ^KA
910775,336113,My order id is 404-1796907-6903540 is please look into this matter asap and please try to contact us very soon I want this product,910776,We responded to you your concern here:[LINK] Kindly check and get back to us with your details.^EM
481502,229452,"Bonjour, le livreur COLIS PRIVÉ m’indique que mon colis a été redéposé à Amazon, mais Amazon n’indique pas qu’il l’a reçu. Que faire ?",481500,"Bonjour, pourriez-vous nous expliquer davantage la situation s'il vous plaît? S'agit-il d'une commande en retard? Colis refusé? ^FA"
1844541,171281,Still after Diwali. And the Echo Plus I ordered isn't expected to ship till Nov 2 [LINK],1844544,I understand you'd like to receive the Echo Plus soon. Rest assured we'll make sure (1/2) ^VM
1455301,278563,awful awful service from you can't fop off people [LINK],1455300,I'm so sorry for this experience. Please let us look into this further by using this link: [LINK] ^DO
1328847,430032,will you please deliver the product on time? No information on delivery since morning...can you help?,1328845,Sorry for the unpleasant experience. Please contact our support team here: [LINK] and we'll help you. ^OS
1379508,441148,折りたたみいす買ったけど割れてた・・・。 アマゾンで折りたたみいす買うと何かしら破損あって返品になるのマジ・・・。,1379507,リプライ失礼します、アマゾンです。お届けした商品に問題があり、ご迷惑をおかけしております。交換(可能な場合)または返品を承りますので、お手数ですが注文履歴よりお手続きください。ET
1868894,558229,If I have to make a payment I won’t prefer amazon pay next time. Seriously 😐 the other website will wait for amount to get loaded.,1868899,here: [LINK] We'll be glad to help you. 2/2 ^MJ
990990,354739,"You need to be honest with shipping date. If it says my items will be shipped on October 19, then it should be. Otherwise please change the shipping date. [LINK]",990992,What was the delivery date provided during checkout and in the order confirmation e-mail here: [LINK] ^LB
814319,313945,Nothing happened,814321,Sorry for the trouble with the refund of the order. I'd like to take a closer look at this. ^AK (1/2)
229982,170802,本当最高すぎて買ってよかった！ Amazonさんありがとう！！ [LINK],229980,|´-`)ﾁﾗｯ Amazonのご利用、ありがとうございました！ ( ほっこりしてきますね～ )O o｡.(´-`*) HM
1783445,239020,"Sure. Unless it's someone specifically trying to hack my acct, I've received 4 emails in 10 mins asking to verify my identity",1783444,That's odd! Let's take a deeper look into this with you here: [LINK] ^ML
1100616,362092,i did my jio recharge through amazon pay but idint get any cashback.. bt my recharge includes rs90 cashback. please look at this.. order id: 171-8667826-0846752,1100617,"Thank you for letting us know about this, Suhas. However, you will receive the cashback in 7 days from the time recharge is been done. You may find more information here: [LINK] ^KS"
1114978,383107,: why have you refunded less amount w.r.t. order amount? Order no : 407-8583670-0349966. Please respond,1114979,"here: [LINK] and we'll get back to you soon. Please don't provide your order details, as we consider 2/3 ^AP"
2227039,272328,"Hola, tengo una duda. El precio de $450 en Prime hasta cuándo estará disponible?",2227038,"Hola. La información con la que contamos aparece en nuestro sitio web, para más detalles ingresa a: [LINK] ^HC"
1141905,219482,I am hearing same reply from last 15 days from your customer executive .IN let see how much more time does it take,1141907,We would do our best to make things right for you. Kindly share your details over the secure link. ^CB
1005990,358096,My ordered is delayed with the bday presents for my daughter and nobody seems to care at . Bad first experience using locker,1005991,I'm sorry for the frustration! Were provided a reason for delay and given an updated delivery date for your order? ^AC
673083,184607,"Please help me fix this, I'm a video prime member but can't play anything. [LINK]",673081,"Hi Mike, sorry to hear that. Have you ensured that you are connected to a stable internet connection?^TI"
1456397,458033,I have checked and i had replied back but after that didnt get any reply or solution from ypur team.,1456399,"If you've replied to our email, we'll surely respond to it. Kindly wait. ^NR"
1187072,218349,What's happening ? 1. Paid extra to upgrade delivery for 1 item &amp; was delayed 2. #PrimeNow not available Disappointed,1187070,I'm so sorry for the poor delivery experience. Please reach us here for available options: [LINK] ^SE
311294,190339,"for orders lately, prime doesn't deliver giving false reasons. Why lie, deliver next day if u busy. Complained but NO ACTION :( [LINK]",311293,"Please don't provide your order details, as we consider it to be personal information. Our page is visible to the public. 3/3 ^PS"
319715,192221,Amazon messaging service is top class. Many thanks #quick #easy #greatservice,319714,Thanks for letting us know.^CD
2254516,539934,"Apparently, third party seller. I should have know I was being scammed when it said it was shipping from China. You guys stole money from me a year and a half ago when 3rd party seller sold me counterfeit merchandise and your customer service lied to me, saying I’d be refunded.",2254514,"Hi there, Michael. I'm sorry you've not received your order. Have you contacted the seller regarding its whereabouts? We do ask that you give them 2 business days to respond. If you have, click here: [LINK] to see guidelines for our A-to-z claim. ^KL"
979710,352327,"Seriously , was there no other option? [LINK]",979709,"Hi, I see what you mean! Please submit your feedback here: [LINK] &amp; we'll get this reviewed. ^TS"
398805,210312,Still waiting on that call from Amazon..,398804,"Without any personal or account details, can you let us know what's going on? ^TR"
542215,137499,"Hi, my husband had contacted you 4 times about this by chat. It is still happening.",542217,"I'd like for a member of my team to look into this, Katy! Please send us your information here: [LINK] ^AB"
982327,352911,Now onwards I won't buy anything from Amazon before confirm the price from local sellers. That's it. Good luck !!,982328,I'm sorry you're upset about the pricing. I've shared your feedback with the concerned team for review. ^HA
495912,233284,Really annoyed refusing delivery of package because post office was full. So now returned to sender. Poor,495909,I am so sorry for your poor experience! We would like to take a closer look into this issue with you. Please contact us via phone or chat here: [LINK] ^LS
1105070,380769,The order has an early access which i paid extra for only to now be told it can not be fulfilled on release so early acess is now useless.,1105073,My apologies. Please contact us directly here: [LINK] and we can look into this. ^PK
2397067,689916,os podéis imaginar la cantidad de envíos que recibe esta recepcionista para hacer eso 😂😂😂😂😂 [LINK],2397066,"😂 Es una excelente idea Flavia, ¿ya recibiste tus paquetes ahí? ^MB"
2813580,784481,休日の朝はアマゾンプライムに映画増えてないかチェックするのから始まる🌞（おはようございます）,2813579,おはようございます！Amazonです(＾◇＾) ブライムビデオのチェックから一日がはじまるなんて、嬉しい限りです！！ 是非！色々なコンテンツをご準備しておりますので、ごゆっくりお楽しみください♪TY
183549,199094,"First got message, my order is cancelled after 10 minutes got message my order is on its way. What is happening?",349117,"That's strange, let's have a look into this. Please connect with our team here: [LINK] ^PS"
1677152,510156,I need to claim the warranty of a product . Pls help me out. Order number 171-4431460-1559535,1677154,"Please don't provide your order details, we consider it to be personal information. Our page is visible to the public. ^PJ"
2903455,804131,you can't be serious with this. THIS WAS SUPPOSED TO ARRIVE TODAY!!!!!!! [LINK],2903457,Yikes! I'm sorry that happened. Can you provide info on who the carrier is: [LINK] ^LL
2891844,801624,Señores de me ha llegado esto pero creo q es algún timo de algo raro. Es real? [LINK],2891843,"Hola, ¿nos podrías indicar por que medio te llegó está información? ^KA"
95320,136727,"Là il ne s'agit ""que"" d'une parure de lit mais bon ça fait 5j que j'attends alors que je suis membre Prime.",95321,"Rassurez-vous, nous allons remonter cela au service concerné, j'espère que vous recevrez votre colis rapidement ^ME"
1710132,518120,Useless I don't find any reply,1710133,Could you please confirm if you've checked for our correspondence using the link that we've provided above? ^AM
2319794,671983,Tht link is not working,2319795,I'm sorry to know about this. Kindly contact our support team from here: [LINK] let us know how things go. ^MP
176458,157516,cómo puedo reclamar un producto que compré a través de ustedes y a las 2 semanas se rompió?,176456,"Hola, Patty. Lamento mucho los inconvenientes. ¿Ya entraste en contacto con el fabricante del producto? ^CR"
775422,305271,No order received legit amazon. [LINK],775421,Thanks for reaching out. Here are some steps to try in situations like these: [LINK] ^GG
1520103,472564,"Vendors on will ship ur merchandise, provide a tracking #, but each day u track it you’ll see “package has left seller facility.”",1520101,I'm sorry to hear about the trouble! We'd like to help. Have we missed the date given in your order confirmation email? ^HC
102904,131812,Day 3# Day light Robbery by Amazon #Delivered Fake Bose Speakers #Not interested in replacing to orginal product # Solve my problem can't solve.They don't have power.,102905,"I understand your concern regarding your order. However, the resolution provided to you in the email is the best we could offer at this moment. We wouldn't be able to provide any further insight on this issue. Appreciate your understanding. ^BV"
1937381,576352,"Some real TLC with my package here, guys. Did you run it over with the truck before you loaded it?! [LINK]",1937382,"I'm sorry to see your package arrived this way, Jack! That's not what we strive for in our deliveries. Was the item itself damaged after opening? ^TH"
1293024,422378,is really fucking w my money 🤦‍♀️🤦‍♀️🤦‍♀️🤦‍♀️,1293023,Would you mind telling us more about what's going on? Please don't include any account details. ^RA
153739,151196,This link doesn't direct me to any sort of number. Could you please send me a number to contact please,153740,I am sorry for the confusion! Are you needing a UK number of a North America number? ^DJ
1118618,383922,Hav alrdy inform ur cusrcare.big liars sitting there.403-0312771-9515529. I never rejected or delayed orderbut thy mentioning it due to cust,1118622,This wasn't intended from our end. We'll surely escalate the details of your experience to concerned team for review.(1/3)^HR
1263980,415998,"thank your driver for trying the door, when no answer throw parcel over the fence and leave in rain with no note pushed through 💩",1263978,Oh my! I'm sorry for the poor delivery. Have you been able to reach out to us via phone or chat? [LINK] ^AL
2152547,632528,Lasership,2152546,"Let us know if there's anything further we can help with! , thanks for your assistance! ^AR"
1215449,405213,"pido con prime para q me llegue hoy y,sorpresa,el repartidor no me lo entrega cuand toy en casa xq no trabaja x la tarde.BRAVO!!",1215445,"Hola Buffy, lamentamos el inconveniente, ¿has podido recoordinar la entrega con el transportista? ^MB"
872206,327067,Kindly do it faster,872207,We've received your details and we'll get back to you soon. Please Keep an eye on your mailbox. ^AS
339915,197174,"hey, i tried to do my own haircut today. For unrelated reasons (:p) I'm looking for beanie delivery ASAP. Any help on my order ?",339914,Uh oh! At least fall is the perfect time to wear a beanie! What does tracking show here: [LINK] ^MB
656050,276069,packages left undelivered at entrance of building #unacceptable [LINK],656048,"Thanks for making us aware! We want to forward this information to the appropriate parties. Do any of the packages belong to you? If so, who is the assigned carrier for your shipment? ^SH"
611156,155481,"Surtout que j'ai une boîte aux lettres aux normes et que c'est la première fois qu'on livre mon colis ailleurs. Surtout que ce colis est pas si grand que ça, il rentre facile dans ma boîte aux lettres..",611157,N'hésitez pas à signaler ce genre d'incidents à notre SAV via [LINK] afin de prendre les mesures nécessaires et éviter que cela se reproduise ^KD
1249708,413211,"your customer service is god awful! An undelivered packed twice in a row, nobody seems to know where it is! Top notch!",1249707,I'm so sorry! What's the current tracking and carrier shown here: [LINK] ^AG
2641362,247281,Just want to say i really appreciate the new feature that lists on product page if product will ship to me at my APO address.,2641361,"That's awesome! We love that you find it helpful, Nick! 🙂"
384828,207110,Ordered an iPhone7 from GreenMobiles and got an opened box/seal broken iPhone box !! And the phone was missing.. Filed an issue [LINK],384827,Write to us here: [LINK] &amp; we'll take necessary actions to make things right. 2/2 ^MJ
2352301,679780,the ATC button isn’t working right now on browsers or the app for me. Any suggestions to remedy this?,2352299,I'm sorry for the shopping issues! Does this happen with a specific product or when you try to add anything to your cart? ^WT
2424477,696243,Why does list free shipping and then charge $8.00? They do this all the time.,2424476,"Is the item you're trying to purchase shipped by Amazon, or shipped and sold by a third-party seller? You can check here: [LINK] ^NC"
2704963,759707,expected better customer service. Disappointed with how inconvenient you've made this one particular purchase for me. #amazon,2704962,I'm sorry you've had a poor experience with us. Are you encountering issues in creating a return? We're here to help in any way we can. ^AM
676945,281484,Amazonニキ、有能で震える [LINK],676944,ﾌﾌﾌ(*´艸`*) ぜひお楽しみください！😊✨ YM
2352278,679774,J’ai juste besoin de savoir où le trouver en tout cas merci pour votre réactivité 😀,2352280,"Si votre suivi n'indique pas où se trouve le colis, je vous prie dans ce cas-là de le signaler à notre SAV via: [LINK] afin de vous fournir plus de détails ^KE"
605001,263815,"Where is the update,? This is too much, not received the product and money is gone .. give an resolution .. I must seek legal help",605003,Apologies for the delay. Kindly share your details here: [LINK] and we’ll contact you soon. ^MN
729202,294659,"The company im dealing with said that they have put a refund through yesterday, but I have no confirmation from you guys",729200,Hi Michael- Just to confirm was this a Seller on Amazon? Did they confirm via your messages on Amazon? ^NV
1500729,372064,"My parcel was meant to arrive today, instead it has gone to a depot 'As requested by the recipient' what?... Where's my parcel?!",1500728,"Hello, what is the current tracking status of your order? You can check here: [LINK] ^CR"
1626048,497933,we will purchase redmi 4a (show in stock) but order not proceed My mo. 7803079160,1626049,"Apologies, Domendra. May I know the error message that you're seeing while you are trying to place the order? 1/2 ^NK"
1367389,438310,Kinda mad at amazon. I was promised knitting needles but they didn't arrive so here I am home alone w/8 balls of yarn &amp; NO KNITTING NEEDLES!,1367388,"I'm very sorry, Emily. We deliver up to 9 pm. Have we missed the date shown here: [LINK] Let us know! ^SK"
1082956,375447,Order #404-8888007-0192350 still not delivered. kindly initiate a refund. I will look for another better service to buy from.,1082958,"Please don't provide your order details, we consider it personal info. Our Twitter page is visible to public. ^NR 2/2"
1104388,380618,"I purchased a ""season pass"" for the second season of Dirk Gently, but last night's episode is ""Not available"" for some reason.",1104386,My apologies. Have you tried restarting the device? Or trying another device if available? ^PK
1039518,365933,When Spyder movie will come??,1039517,the latest movies and TV shows we have available. (2/2) ^VM
149309,150016,Not able to find the link.. kindly send it again,149311,You can share your details here: [LINK] and I'll get in touch with you. ^MK
1491431,466372,I want to talk to seller customer support because i cant explain the thing on twitter,1491430,Hi - you can contact Seller Support using this link: [LINK] ^TD
31384,122917,I've received a message on one of my orders that says my item could not be delivered requires action and to contact you any ideas?,31383,I'm so sorry! Do you have an active order? What does the tracking show for it here? [LINK] ^TK
2033009,240431,"Hello there, I can't sign in. I was trying to buy a laptop, however my credit card was denied and after trying to pay by buying gift cards I got some kind of block, I guess. Any info that you need for me to verify that I am legit, jusk ask.",2033008,"Hi, Lucas. I am sorry to hear this, did you received an email with instructions to unblock your account? ^VL"
683080,283015,"yeah i know it's unusual from Amazon, Thats why i only use amazon in INDIA and UK. if you want go and check my orders how often i do use your service ! but this time i had horrible experience i hope i will never face this again !",683082,"Absolutely, Mahantesh. We wouldn't want this to happen again either. Please confirm if you've filled in your details in the link provided? ^JC"
124027,143737,Mi pedido está en ruta de entrega desde temprano. Tendré que esperarlos mañana :(,124025,"Ady las entregas de los productos llegan máximo entre 8:30 p.m. a 9:00 p.m. Te recomiendo contactar con el transportista de tu pedido, te ofrezco la información de contacto: [LINK] ^PC"
911192,336420,Yep. I qualify from tomorrow yet seller wants me to wait till 2 Nov while they investigate.,911195,November 2nd is a long time away... have you mentioned that the wait is too long to the seller? ^AS
1763833,530636,on my orders page it says an item is still arriving although i already received and picked it up?? how do i stop this [LINK],1763831,"That is odd! We can't see account info via Twitter, but if you contact us here: [LINK] we can look into it. ^AD"
976723,351656,AMZL US,976726,We would like to help. Please fill in this link and we will reach out to you as soon as possible. [LINK] ^CR
430035,217267,I need my prizes. I can send you the screenshot of the clues I found.,430036,"We have provided the best resolution to you, appreciate your understanding. ^MJ"
440335,219482,"But your customer executive has created for refund on 9 Oct. Then, what is that? Are you all are just misguiding your customers. [LINK]",440336,"Sorry for the inconvenience, Ayush. I'd like to take a closer look into this. Please share your 1/2 ^MK"
225002,169756,dear amazone we dont know the sales person we only know that we are buying product from amazone.,225006,Since Amazon is a market place and it's the sellers who decide the pricing and offers. (1/2) ^SI
2814515,507610,They were both shipped with AMZL US,2814513,"I'd like to have my team take a further look into the issues with your orders. We aren't able to view order or account details via Twitter, so please use this link to send us further info: [LINK] ^DO"
2766326,773637,"Juste une belle faute sur ""caractéristiques"".",2766325,"Merci de nous l'avoir signalé, je vous confirme avoir remonté l'information au département concerné afin d'y remédier. Pourriez-vous m'envoyer le lien vers la page, s'il vous plaît?^FT"
1286995,421025,"I can't explain in 140 c, that's why [LINK] gave me before an email but I cant't find it now and am asking again, please.",1286994,You can send us a direct message if you want Jenny. ^JJ
585824,258303,She is still sat in her poorly parked car outside. Well done for yet another delivery fail.,585823,"This isn't at all the delivery experience we strive for, I'm truly sorry to hear of this! With Twitter, we do not have the access to your account or order information. Please, reach out in real time via phone/chat to report this: [LINK] ^JE"
137152,146928,My point though is it shouldn’t give the option for one day delivery if it can’t be honoured,137153,"Apologies Stuart, we aim to dispatch as soon as possible. During this busy period, some deliveries may take slightly longer than usual. ^BD"
1565239,483229,could you please help? I paid for shipment that should be door to door! Unfortunately asked me to collect it from their office! And as you can see I couldn't collect it since last week from #aramex #Jubail due to the situation mentioned above. #saudiarabia,1565237,I'm sorry for the trouble! Whenever you have time we're available here: [LINK] ^EP
744140,297925,Want to purchase ACs &amp; need tech details. Unable 2 cal you. Help plz,744138,Kindly connect with us here: [LINK] we'll be happy to help. ^SG
1500630,468406,Amazon prime finds it difficult to deliver kids clay dough in 2 working days. Disappointed. #amazon #AmazonIndia,1500629,I'm sorry about the delay. Have you reported this to our team here: [LINK] ? ^SG
973602,350524,Already posted and filled all the information. I wonder how AMAZON INDIA keeping people like you. No wonder things are not ok in AMAZON.IN,973603,"If you have filled the form and connected with us, please be assured we'll get back to you at the earliest. ^PB"
2866096,796049,I was told I would receive a call back from a manager within two hours and it’s now been two and a half with no call. what gives?,2866094,Thanks for reaching out. We'd like a second chance to look into this. Please contact us here: [LINK] ^GG
1582000,213144,Yes I did,1582001,We've sent you an email to the registered email address. Kindly reply to the same if there are any further concerns. ^SM
725553,293795,It is very shameful n rediculus that Amazon launch a offer n suddenly withdraw same....finally who is sufferer?...... customer,725556,Sorry I was unable to comprehend your concern. A little more context on this would be helpful. ^AB
274225,171151,Your Amazon teams Mr Junaid has really made me pissed off and on the name of the helping he showed attitude. Strict action should be taken,274228,Please reply to the email correspondence and we'll be glad to help you. (2/2) ^SI
1050694,368300,Is it normal for you to address me by my Twitter name for a review? Why haven’t you got back to me explaining the issue you promised to look into?,1050692,"Hello, how can we help you today ? Are you still having issues with the connection of the Prime T.V. service. ^CR"
2103018,620965,Does it have the same functionality as the original app? Can you replace the old one with the new one?,2103017,Please get int ouch with us via [LINK] and we'll be happy to provide you all the information. ^AM
283076,183448,"Dis-moi , c'est pour écouler le stock de la deuxième édition de mon droit des contrats que tu l'indiques comme la plus récente?",283075,"Bonjour, il est indiqué sur la page de la 2ème édition qu'il existe une édition plus récente de cet article(3ème). ^MH [LINK]"
424281,215989,受け取ったあまぞんの段ボールが想像以上にベコベコで普通に蓋が開いてたんだけどwwww 精密機械とかじゃなくて本当に良かった,424279,ご迷惑おかけしまして申し訳ございません。。商品に問題はございませんでしたでしょうか？ 商品に問題があった場合には、下記URLより交換・返品のお手続きが可能です。[LINK] SM
523400,240941,No es porque sea fan de jajaja pero me parece excelente.!!! 😃 [LINK],523399,¡Hola Manuel! Gracias por la confianza de siempre 😉.Nos alegra saber que nuestras acciones siempre son de tu agrado. ^JL [LINK]
2870696,298069,I’m not a happy camper. Was just raving about you guys and then my baby’s formula that was supposed to arrive today by 9pm did NOT 😤😤😤😤,2870693,Oh no! Could you tell us the latest tracking update showing here: [LINK] Have you received any e-mails regarding a delay? ^ML
1664414,507249,人間はまだだけど… 犬たちにゴハンあげまーす！ 缶詰も24缶、今日届いたばかり♪ アマゾン！ありがとう♡(*´∇｀*) #Amazon #犬 #犬好きマサちゃん [LINK],1664413,|ﾛﾟ)ﾊｯ 呼ばれた気が。。 ご利用ありがとうございました！ ('-'*)：*：ﾟ･☆ HM
2223639,649318,thanks again for placing my delivery in my bin which is wet and contains cat poop. 2nd you have done this. Well done!!!,2223638,I'm sorry to hear this. We'd like to look into this further with you. Please contact us here: [LINK] ^KP
609371,264858,I have sent the issue via direct message on twitter. Kindly check and response dear,609370,I understand your concern. Kindly get in touch with our support team here: [LINK] so that we can assist you accordingly. ^MN
2907800,805129,no sorry doesn't work. yes have tried but it does not appear but strangely is on the fire stick. also tried getting the app through the amazon site but does not give an option to downoad,2907799,"That's odd! Let's take a look in real-time. When you have a free moment, please reach out to us here: [LINK] ^HM"
2720018,763261,Since Amazon cancelled my UK membership. I'm stuck with Chetan Bhagat in the literature section. Do you even know what literature is ? Fuck,2720016,Sorry to know that. You may refer to the link here: [LINK] for our literature section for kindle. I'll be sure to pass on your feedback internally. ^PS
476119,228174,アマゾンプライムやばすぎだろ [LINK],476118,(やばいですかね・・・・)O o｡.(´-`*) ET
2212270,646561,But it was a pre order,2212269,What does the tracking say the status of the order is? You can find that information here: [LINK] ^MH
247447,174795,I will not fill it up.,247448,"For us to access your account, we'd require you to share the details. Please share your details in the link. ^HN"
1223030,406982,Horrible experience... Amazon is si dumb and naive... They have been repeating the same thing... Is there anything that you guys care for,1223029,Could you confirm receiving an email from our team? (2/2) ^KA
543842,240102,Can y’all just replace the order 🙄. Your rep said it wasn’t in stock anymore but it is. Why is this so difficult,543843,"Not all items are able to be replaced, only refunded. I'm sorry for any inconvenience this may have caused. ^KP"
2935845,811659,That hasn’t helped. Just says what I’ve told you. That the delivery wasn’t completed,2935847,"Hi Sarah. When you spoke to us by phone/chat via that link, what additional advice was given? ^DC"
468184,226477,"YOU!!!!!! From AMZL US at Tuesday, November 28. Held by carrier",468186,"I'm sorry for the frustrating experience. That isn't what we want for you, or any customer. I'd like a member of our team to look into this. When you have a moment, please securely provide more information here: [LINK] ^EA"
2124896,625785,was to recieve a cashback for a one plus five mobile order few days back.Yet to recieve the same.Need update in it,2124897,I get your concern. Request you to contact the support team through the link mentioned earlier for further assistance. ^PR
1120481,148791,this has been done,1120482,"We've received your info, Nikki, and are looking into this for you! We will reach out to you soon. ^AD"
1257051,414569,I've created a new account from [LINK] still it got locked. What's happening. Is there any technical team or not.,1257053,Kindly connect with our US support team here: [LINK] We'll look into it. ^PS
1423809,450852,Hey I paid extra to have this item delivered for my dad’s birthday today. The fuck is this shit ? [LINK],1423810,here: [LINK] and we'll be happy to help. 2/2 ^SH
993930,323508,"Sir, i got ur mail. Not satisfied with ur response. I got similar response form seller &amp; customer care. Tendering apology isn't enough.",993931,"Should you require any further assistance, please reply to our email and we'll reach out to you. ^GS"
995478,355803,Why are you guys not Chromecast/Home ready? I don't feel impulsive enough to buy a Fire Stick just to watch your content!,995477,I understand. I've shared your comment as feedback with the relevant team for review. ^HA
2599672,735939,Yay! Heute ist Erscheinungstag und nicht morgen. Danke für nichts .A. [LINK],2599671,Bitte entschuldige die Verspätung. Wir gehen dem gerne nach. Melde dich bitte über folgenden Link: [LINK] Viele Grüße ^UK
2954322,815652,I love how I pay for prime and NONE of my packages ever come on time.,2954321,"Oh no! Matthew, we'd like to help! Are you having trouble with a recent order/delivery? Could you let us know more about what's going on? ^HM"
1754246,528370,"Oh amazon delayed my order, what a surprise",1754244,"I'm very sorry about the delay, Amanda. Did we give a reason for delay? Is it a fulfillment or shipping delay? We're here! ^SK"
2277774,662364,When you think you found an AMAZING deal on a coat on Only to discover the seller was a fraud. 😭💔 My heart hurts . I should have known it was too good to be true. 😔 #Supersad,2277773,what happened? ^AT
833922,318592,I was promised a replacement before tomorrow early morning.Bt I don't see any updates on that. [LINK],833923,"We've received your details this afternoon, Kiran. We'll review the details and get in touch with you soon. ^JC"
1557705,481486,"de même, pas de possibilité que toute mes commandes passe par la poste ce qui pourtant évite bien des galères",1557707,2/3 Cela se fait en fonction de plusieurs critères bien définis au niveau de nos entrepôts.
725937,275079,obviamente no me trajo nada a las 22:30.¿tan dificil es llamar o dejar una nota para decir a quien se lo dejais?#AsiNo,725936,Puedes contactarnos directamente aquí:[LINK] así podremos verificar de forma segura e investigar lo sucedido. ^VM
1249020,413044,hey ... i &lt;3 u,1249019,We Ɛ&gt; you too! Happy shopping! ^BE
1912141,360563,After how much time of payment the Cashback is added to the concerned account.,1912139,Kindly help us with the cashback you're referring to and we'll look into it. ^AK
2719411,763152,"Vedo questo. Dice che non riesce a caricare il server Amazon. Però riesco a parlare con voi, quindi la connessione è ok! [LINK]",2719413,Abbiamo fatto una verifica e l'app funziona correttamente. Prova a disinstallare e reinstallare l'app. Tienici aggiornati! ^CS
888271,220539,"One of your support staff replied to my query with ""we're unable to process the refund as the denomination is too high"". Can you translate this into English for me please? It makes no sense.",888269,"Hi Carl, I'm sorry to hear about this. Did they mention needing to send this to another team to process for you? ^MI"
316485,191572,"baar bar jhuth 48 hours me problem solve ho jayegi.. or fir dobara 48 ghante , customer velle hai kya ?",316486,Sorry about the delay. Kindly drop in your details here: [LINK] and we'll work on it. Please don’t provide [1/2]
2628935,179713,Still can't get my second novel on ... still no straight answer on why. [LINK],2628933,I'm sorry for the trouble with your novel. Does this e-mail include a list of items that need editing? Have you resubmitted your novel since receiving this message? ^AP
1291014,421906,"Bin ja mal gespannt, wo Logistics ein Paket in nem Bürogebäude mit x Firmen „an einem sicheren Ort hinterlegt“.",1291012,"Hi, vermisst du eine aktuelle Lieferung? ^SI"
1740746,525201,USPS wyd why my packages late bro,1740747,"We'd like to look into this with you and see what options are available in real-time, here: [LINK] ^DW"
1620692,171648,I want my account [LINK] with it.i will Happy,1620693,Request you to revert to their email and wait for an update from them. 2/2^SK
2278515,403125,"Do you show these rules before buying, no never..even If you show then also in a very small size..Just cheating n fraud..",2278516,"with a different color. Further, I'll surely forward this as feedback internally. (2/2)^SQ"
2884194,800073,I guess you asking me wasn't to actually help me. Maybe it was just to make the appearance of helping me?,2884196,"Unfortunately we do not have access to your account or details via Twitter, but we'd still like to help! Please reach out to us here: [LINK] so we can look into this together. -Shal C."
2103635,621104,Necesito una respuesta urgente por favor.,2103633,"Hola, para poder orientarte sería necesario que nos indiques en la página de Amazon de cuál país realizaste la compra ^AR"
792695,309026,I raised the mail through the link you shared and my name would be Jagadish57,792696,"We haven't received your details yet, Jagadish. Please share your details in the link provided earlier. ^HD"
1318254,169195,i don't received my 15%Cashback on my purchase it is more than 15 days,1318255,I’m sorry about the delay regarding the cash back. Could you please elaborate as to 1/2 ^SB
2216680,255670,Please help me with my Order # 403-9241209-8411545 By mistake the billing address and shipping address got swapped. Request you to try and get the product delivered on my billing address instead of shipping address.,2216679,"Please don't provide your email address via Twitter, as we consider it to be personal information. Our page s visible to public. 2/2^AR"
2498476,712912,"Sorry, , this isn't fair. 1) Sundays we are closed &amp; 2) No attempt was made to get in touch with me [LINK]",2498475,I'm sorry for the discomfort regarding the delivery. Have you reported this to our support here: [LINK]
249105,175184,It's sorted. I went onto community help and managed to get my account back(the hacker hadn't changed my password).x,249107,Glad to hear the issue is resolved. ^MC
960704,347983,Amazonからクロネコ経由で荷物が届いた。段ボール箱が濡れてるわ、潰れてるわ、中身は湿気ってるわでひどい有様だったけど、台風だから仕方ないよな…。,960702,ツイート拝見しました。大変ご迷惑をおかけしております。 以下の内容についてご確認ください。 商品に問題がございました場合＞[LINK] カスタマーサービスに問い合わせる場合＞[LINK] MH
507093,236395,"It says the delivery date was supposed to be November 28, 2017 and package status is shipped",507095,"Thanks for letting us know! When you get a chance, please reach out to us here: [LINK] and we'll look into options together! ^JO"
883545,329812,"Eu tentei comprar um mas a inventa algum problema e não finaliza a compra. Vou comprar em outro site, dessisto.",883544,"Olá Lenk, sinto muito pelo inconveniente. O que fala o erro no sistema ? ^MB"
471522,227278,"OK. Your amazing CS advisor, Rajat, seems to have sorted the issue out.",471524,"Glad to hear it Malcolm, thanks for letting us know. :) ^BZ"
2679321,753902,अॅमेझॉनची ग्राहक सेवा मराठीत कधी उपलब्ध करून देणार ?,2679320,I'll certainly take this as feedback and forward to our team to work on it. ^SG
1118647,383925,Still no call or message from Amazon. If you can't provide service. Shut your shop. Cheaters,1118649,"I'm sorry for the trouble. I'd like to look into this, kindly drop in your details here:[LINK] 1/2 ^EM"
881061,329205,my package says delivered but isn't here.. 🙄,881059,"I'm sorry, don't fret yet! Let's try these steps first: [LINK] Let us know if this helps! ^KJ"
21464,120261,No reply from your hand yet,21467,I just checked and we haven't received your details yet. We'll not be able to work on your concern unless (1/2) ^GK
835477,217610,I had opted for a no cost emi to buy a phone recently. And then I’m told there was a glitch and interest amt wld be refunded as amazon pay,835479,Sorry for the situation. Please share your details here: [LINK] and we'll have the issue checked for you. ^KA
1893469,564565,supposed to get product id 406-0609831-1526764 as Diwali offer. No contact number is there. Please see this issue.,1893468,"Also, please don't provide your order/account details as we consider them to be personal information. ^HK"
1844476,552582,I am unable to find a number to call for assistance as there is no customer support number shown.,1844477,Apologies for the hassle. You may reach out to us here: [LINK] ^AH
2271515,660862,"AGAIN failed to deliver my order. Says ""Attempted"" but I was in all day and no one came. Shocking service. #PrimeSucks",2271513,So sorry! That's not what we like to hear! Please reach out to us here: [LINK] and we can help with this! ^TK
1565057,483183,Ok va bene! Buon fine settimana e buon lavoro #grazie,1565058,"Grazie a te, a presto! ^FA"
2337974,190745,Not good company Amazon,2337976,I understand its taking longer than expected. However please be assured our team is working on resolving this soon.1/2 ^EM
1140879,388550,"I can provide ahmedabad address for delever the same product or i can pick up from last location, i don't want refund, i need this product,",1140881,We have already sent the response via DM. Please refer and revert on the same for further assistance. ^MK
419408,215020,"I have placed an order for TV. The product is not delivered yet, but the status says it has been delivered. # 171-1984226-4751565",419410,That's odd! Let us investigate this further. Please drop your details here: (1/3) ^VM
1305538,425086,"., why is Andy Grove's ""Only The Paranoid Survive"" available *in English* on Kindle in Germany, but not the UK?",1305537,"Hi Jon, please contact us here for support: [LINK] ^AT"
1415997,301539,what contect i lost my temper which service you provide i never purchase any product for you website and i told my Friend never purchase any product,1415999,Sorry that you received a wrong product. Please request a return/replacement here: [LINK] ^NR
2845417,233664,Surprisingly they were still on my porch. Wish Amazon would have their own reliable delivery service. USPS is a horrible entity. Thank you for your prompt response,2845418,"Thank you for the update, Randy! We're always here to help in any way that we can."
49966,127186,Still getting same reply from Amazon. Asking me to wait. Is there any end for this wait.. ? Think after 1yr also i'll get the same answer?,49975,Sorry for the stretch. Kindly wait till the mentioned time and they will get back to you with an update. ^HR
105113,139220,And anytime I contact the support for a fix I get same provoking automated messages (see image attached). [LINK],105116,An account specialist is the best one to address this and answer any questions/concerns you may have. Feel free to reply to the e-mail you received from them. ^VR
2792007,779218,Another birthday year where fucks up your day and mood! Worst delivery men out there. Not impressed with paying for prime anymore,2792005,Oh no! Did we miss an expected delivery date? If we have please let us know what the date was as listed here: [LINK]
2928945,810285,Attendo un riscontro..,2928946,TI abbiamo appena risposto in privato. A presto! ^GA
2474788,707533,"5 packages were meant to be delivered today, 3 haven't arrived yet and 3 have not even been dispatched.",2474790,Sorry to hear about this! Can you advise what the tracking says for the 3 items that haven't arrived? You can find this information via this link: [LINK] ^JC
720778,164816,I have a question about my recent kindle kids purchase.. I thought it got a year of the unlimited free time?,720775,"The Kids Edition tablets, such as the one found here: [LINK] do come with 1 year of Amazon FreeTime. ^SB"
1591682,489287,"trying to reclaim a gc which says it's been redeemed, but not according to my account history",1591680,Sorry to hear that. Get in touch here: [LINK] and we'll be happy to help. ^RS
564880,252339,"Is there a way to make an Amazon Echo disable volume above a certain level? “Alexa, play Taylor Swift””Alexa, volume 10” has caused me to disconnect it.",564879,"I'm sorry, there isn't currently a way to disable the volume level on Alexa devices. If you'd like, you can forward suggestions and feedback to us here: [LINK] ^SB"
963272,348597,"Is all the contest true ? What Amazon offer every time ,? I have never won once 😂😂",963271,"All offers, contest and deals are genuine on Amazon.in. ^PS"
233102,171486,hi I couldn’t see any tickets for Chris Rock Cardiff on the website? Would Amazon be having these?,233101,"Hi, please contact Amazon Tickets here: [LINK] to see if they're available. ^JJ"
1594006,489871,"I’m sitting here at hone the whole time and no knock on the door, no pkg but shows “delivered”. Tired of this. Not ordering anymore",1594007,"I'm sorry for the repeat issues with Amazon Logistics, Chuck. Our team would like to investigate. When you have a moment, 1/2"
499922,234410,"#Miente, #Engaña y se #Ríe de los Clientes, no cumpliendo sus días de entrega comprometidos, telefónicamente y por escrito! La próxima vez, no adquiráis productos de esta empresa!!!",499921,"¡Hola! Lamentamos las molestias ocasionadas, ¿tienes algún pedido pendiente? ^LC"
524902,241393,I have already and it has not been helpful. I have already spent 1+ hour on the phone on this issue and have essentially been told to call back tomorrow. I would like someone with authority to get in contact with me directly.,524903,"I can understand how frustrating this is. We're unable to access your account over Twitter; I hope you'll give us another chance to make it right. Whenever you've got time, please reach us using EZ's link. ^DW"
125309,144099,i freaking love you,125308,We 😍 you too! ^PF
1553218,480561,間違えてAmazonプライム、ポチっちまったんでとりあえず戦闘車を観てる。,1553216,リプライ失礼いたします。意図しないご登録との事で誠に恐縮ですが、プライムには色々な特典がございますのでご活用いただければと存じます。特典については、こちらをご参照ください。[LINK] HM
1257486,414670,promotion code doesn’t work,1257484,"Sorry to hear that, can you tell us a bit more about the promotion you're referring to without sharing any sensitive info? ^JJ"
2469446,706426,I urgently need some help regarding debits from my account by Amazon marketplace. I am no badly overdrawn and have no access to funds as a result.,2469444,"Hi, is this in relation to your Seller account? ^AS"
1369555,438788,still don't have my preorder. Looks like y'all might be loosing a prime customer with this.,1369554,Most carriers deliver up to 8 pm. What's your current tracking and have we missed your delivery date? [LINK] ^AM
1009226,358805,Amazon was the delivery service.,1009228,"I'd like a member of my team to investigate this matter. Please, provide us details here: [LINK] ^JE"
2900978,803585,it is not ok for packages to be left in a driveway behind a car and next to the sidewalk. #beggingtobestolen #runover #contracteddrivers #luckyisawithappen #notcool [LINK],2900976,I'm so sorry for this. Was this for an order you placed? ^DO
451869,222174,"não sei se veio direto pro meu endereço (aqui em casa disseram que não chegou nada) ou se foi pra algum lugar pra eu retirar. só que se foi a segunda opção, não sei que lugar é esse. não tem endereço nenhum aí.",451872,3) Será exibido o endereço da agência onde você deve fazer a retirada. O pedido vai ficar disponível para retirada por um prazo de 7 dias corridos a contar da notificação dos Correios. (2/2) ^HC
843520,320576,what to do,843522,"Did you happen to report this to our support team? If no, please contact us here: [LINK] so we can assist you. ^PJ"
1800794,541087,what's happened with Baja:Edge of control? I preorder the Xbox One version of the game on . The release date was on sept. 15th. and i still waiting for the game.,1800793,I'm sorry for the wait! Just to confirm; which Amazon site was this order placed on (.com; .com.mx)? ^WT
417549,209758,Fraud order delivered by your seller and now amazon is not ready to take responsibility for the same!!!!,421236,Could you confirm if you've filled in your details as asked earlier? ^MM
2427469,696253,tendrán ofertas en compra de libros este Buen Fin?,2427467,"Hola Eduardo, en el momento no contamos con esta información, pero puedes suscribirte en este enlace para estar pendiente de las ofertas: [LINK] ❤✨ ^DA"
2680369,754114,This is how close is to ruining Halloween 😅 [LINK],2680367,Sorry for making you wait! Please let us know if the order doesn't arrive by 8PM. ^DD
440319,219482,Pickup has not done today also. It's going to be 18 days.,440321,"I'm sorry for the delay, please respond to the email you've received from our team and we'll look into the issue. ^SU"
2680798,120687,I have replied to the email with previous reference number. shall be punished for this scam. We need to know.,2680799,"If you've replied to our email, we'll look into it and get back to you. Appreciate your patience. ^MO"
1287014,406984,Hmmm okay but why when the official website sell it for 650 rupees you guys are sell them for rupees 2000 to 5000 is my question,1287016,That's strange. I'll be sure to pass on this to our concerned team internally for review. ^GD
1150879,327894,"when set them up, I used the same network, but for a variety of reasons, I need to connect to another. can I utilize prime music on both?",1150880,"Hey, please contact us directly so we can look into it with you: [LINK] We look forward to speaking with you! ^PF"
965261,349046,"disapointed with very 1st delivery under prime membrship. Courier denied delvry, didn't call me.",965259,Sorry to know about the delivery issue. Please share your details here: [LINK] and we'll reach out. ^KA
727099,294167,I must receive my delivery today but am worried I will miss it again whilst at work. Can I change the delivery address please?,727097,Redirections can take an extra day. You can submit preferences for unattended delivery here: [LINK] ^PK
1548363,444922,when prime music come in india?,1777590,Prime music is already available in India for prime customers owning an echo device. ^PJ
2602180,736481,わざわざありがとうございます！ コンビニ支払いが出来ない時はチャージタイプのギフト券を利用して買い物してます！,2602179,チャージタイプのAmazonギフト券は、サイト上で申し込んでコンビニでのお支払が可能となっております。どうぞよろしくお願いいたします！ EK
